加载配置成功: WeChat.AppID=wxe45db4e24952b996, WeChat.AppSecret=1978467382b1372d3eb4b044235cc8c6

2026/04/13 11:58:33 [32m/Users/zmh/CodeBuddy/20260227183322/backend/pkg/database/mysql.go:50
[0m[33m[1.072ms] [34;1m[rows:-][0m SELECT DATABASE()

2026/04/13 11:58:33 [32m/Users/zmh/CodeBuddy/20260227183322/backend/pkg/database/mysql.go:50
[0m[33m[15.515ms] [34;1m[rows:1][0m SELECT SCHEMA_NAME from Information_schema.SCHEMATA where SCHEMA_NAME LIKE 'elderly_fitness%' ORDER BY SCHEMA_NAME='elderly_fitness' DESC,SCHEMA_NAME limit 1

2026/04/13 11:58:33 [32m/Users/zmh/CodeBuddy/20260227183322/backend/pkg/database/mysql.go:50
[0m[33m[8.359ms] [34;1m[rows:-][0m SELECT count(*) FROM information_schema.tables WHERE table_schema = 'elderly_fitness' AND table_name = 'users' AND table_type = 'BASE TABLE'

2026/04/13 11:58:33 [32m/Users/zmh/CodeBuddy/20260227183322/backend/pkg/database/mysql.go:50
[0m[33m[0.089ms] [34;1m[rows:-][0m SELECT DATABASE()

2026/04/13 11:58:33 [32m/Users/zmh/CodeBuddy/20260227183322/backend/pkg/database/mysql.go:50
[0m[33m[1.423ms] [34;1m[rows:1][0m SELECT SCHEMA_NAME from Information_schema.SCHEMATA where SCHEMA_NAME LIKE 'elderly_fitness%' ORDER BY SCHEMA_NAME='elderly_fitness' DESC,SCHEMA_NAME limit 1

2026/04/13 11:58:33 [32m/Users/zmh/CodeBuddy/20260227183322/backend/pkg/database/mysql.go:50
[0m[33m[0.694ms] [34;1m[rows:-][0m SELECT * FROM `users` LIMIT 1

2026/04/13 11:58:33 [32m/Users/zmh/CodeBuddy/20260227183322/backend/pkg/database/mysql.go:50
[0m[33m[6.404ms] [34;1m[rows:-][0m SELECT column_name, column_default, is_nullable = 'YES', data_type, character_maximum_length, column_type, column_key, extra, column_comment, numeric_precision, numeric_scale , datetime_precision FROM information_schema.columns WHERE table_schema = 'elderly_fitness' AND table_name = 'users' ORDER BY ORDINAL_POSITION

2026/04/13 11:58:33 [32m/Users/zmh/CodeBuddy/20260227183322/backend/pkg/database/mysql.go:50
[0m[33m[0.086ms] [34;1m[rows:-][0m SELECT DATABASE()

2026/04/13 11:58:33 [32m/Users/zmh/CodeBuddy/20260227183322/backend/pkg/database/mysql.go:50
[0m[33m[0.292ms] [34;1m[rows:1][0m SELECT SCHEMA_NAME from Information_schema.SCHEMATA where SCHEMA_NAME LIKE 'elderly_fitness%' ORDER BY SCHEMA_NAME='elderly_fitness' DESC,SCHEMA_NAME limit 1

2026/04/13 11:58:33 [32m/Users/zmh/CodeBuddy/20260227183322/backend/pkg/database/mysql.go:50
[0m[33m[2.491ms] [34;1m[rows:-][0m SELECT count(*) FROM information_schema.statistics WHERE table_schema = 'elderly_fitness' AND table_name = 'users' AND index_name = 'idx_users_open_id'

2026/04/13 11:58:33 [32m/Users/zmh/CodeBuddy/20260227183322/backend/pkg/database/mysql.go:50
[0m[33m[0.102ms] [34;1m[rows:-][0m SELECT DATABASE()

2026/04/13 11:58:33 [32m/Users/zmh/CodeBuddy/20260227183322/backend/pkg/database/mysql.go:50
[0m[33m[0.546ms] [34;1m[rows:1][0m SELECT SCHEMA_NAME from Information_schema.SCHEMATA where SCHEMA_NAME LIKE 'elderly_fitness%' ORDER BY SCHEMA_NAME='elderly_fitness' DESC,SCHEMA_NAME limit 1

2026/04/13 11:58:33 [32m/Users/zmh/CodeBuddy/20260227183322/backend/pkg/database/mysql.go:50
[0m[33m[0.560ms] [34;1m[rows:-][0m SELECT count(*) FROM information_schema.statistics WHERE table_schema = 'elderly_fitness' AND table_name = 'users' AND index_name = 'idx_users_phone'

2026/04/13 11:58:33 [32m/Users/zmh/CodeBuddy/20260227183322/backend/pkg/database/mysql.go:50
[0m[33m[0.131ms] [34;1m[rows:-][0m SELECT DATABASE()

2026/04/13 11:58:33 [32m/Users/zmh/CodeBuddy/20260227183322/backend/pkg/database/mysql.go:50
[0m[33m[0.422ms] [34;1m[rows:1][0m SELECT SCHEMA_NAME from Information_schema.SCHEMATA where SCHEMA_NAME LIKE 'elderly_fitness%' ORDER BY SCHEMA_NAME='elderly_fitness' DESC,SCHEMA_NAME limit 1

2026/04/13 11:58:33 [32m/Users/zmh/CodeBuddy/20260227183322/backend/pkg/database/mysql.go:50
[0m[33m[0.852ms] [34;1m[rows:-][0m SELECT count(*) FROM information_schema.statistics WHERE table_schema = 'elderly_fitness' AND table_name = 'users' AND index_name = 'idx_users_deleted_at'

2026/04/13 11:58:33 [32m/Users/zmh/CodeBuddy/20260227183322/backend/pkg/database/mysql.go:50
[0m[33m[0.157ms] [34;1m[rows:-][0m SELECT DATABASE()

2026/04/13 11:58:33 [32m/Users/zmh/CodeBuddy/20260227183322/backend/pkg/database/mysql.go:50
[0m[33m[0.405ms] [34;1m[rows:1][0m SELECT SCHEMA_NAME from Information_schema.SCHEMATA where SCHEMA_NAME LIKE 'elderly_fitness%' ORDER BY SCHEMA_NAME='elderly_fitness' DESC,SCHEMA_NAME limit 1

2026/04/13 11:58:33 [32m/Users/zmh/CodeBuddy/20260227183322/backend/pkg/database/mysql.go:50
[0m[33m[0.638ms] [34;1m[rows:-][0m SELECT count(*) FROM information_schema.tables WHERE table_schema = 'elderly_fitness' AND table_name = 'muscle_groups' AND table_type = 'BASE TABLE'

2026/04/13 11:58:33 [32m/Users/zmh/CodeBuddy/20260227183322/backend/pkg/database/mysql.go:50
[0m[33m[0.059ms] [34;1m[rows:-][0m SELECT DATABASE()

2026/04/13 11:58:33 [32m/Users/zmh/CodeBuddy/20260227183322/backend/pkg/database/mysql.go:50
[0m[33m[0.402ms] [34;1m[rows:1][0m SELECT SCHEMA_NAME from Information_schema.SCHEMATA where SCHEMA_NAME LIKE 'elderly_fitness%' ORDER BY SCHEMA_NAME='elderly_fitness' DESC,SCHEMA_NAME limit 1

2026/04/13 11:58:33 [32m/Users/zmh/CodeBuddy/20260227183322/backend/pkg/database/mysql.go:50
[0m[33m[1.729ms] [34;1m[rows:-][0m SELECT * FROM `muscle_groups` LIMIT 1

2026/04/13 11:58:33 [32m/Users/zmh/CodeBuddy/20260227183322/backend/pkg/database/mysql.go:50
[0m[33m[0.868ms] [34;1m[rows:-][0m SELECT column_name, column_default, is_nullable = 'YES', data_type, character_maximum_length, column_type, column_key, extra, column_comment, numeric_precision, numeric_scale , datetime_precision FROM information_schema.columns WHERE table_schema = 'elderly_fitness' AND table_name = 'muscle_groups' ORDER BY ORDINAL_POSITION

2026/04/13 11:58:33 [32m/Users/zmh/CodeBuddy/20260227183322/backend/pkg/database/mysql.go:50
[0m[33m[0.074ms] [34;1m[rows:-][0m SELECT DATABASE()

2026/04/13 11:58:33 [32m/Users/zmh/CodeBuddy/20260227183322/backend/pkg/database/mysql.go:50
[0m[33m[0.438ms] [34;1m[rows:1][0m SELECT SCHEMA_NAME from Information_schema.SCHEMATA where SCHEMA_NAME LIKE 'elderly_fitness%' ORDER BY SCHEMA_NAME='elderly_fitness' DESC,SCHEMA_NAME limit 1

2026/04/13 11:58:33 [32m/Users/zmh/CodeBuddy/20260227183322/backend/pkg/database/mysql.go:50
[0m[33m[0.554ms] [34;1m[rows:-][0m SELECT count(*) FROM information_schema.statistics WHERE table_schema = 'elderly_fitness' AND table_name = 'muscle_groups' AND index_name = 'idx_muscle_groups_deleted_at'

2026/04/13 11:58:33 [32m/Users/zmh/CodeBuddy/20260227183322/backend/pkg/database/mysql.go:50
[0m[33m[0.054ms] [34;1m[rows:-][0m SELECT DATABASE()

2026/04/13 11:58:33 [32m/Users/zmh/CodeBuddy/20260227183322/backend/pkg/database/mysql.go:50
[0m[33m[0.224ms] [34;1m[rows:1][0m SELECT SCHEMA_NAME from Information_schema.SCHEMATA where SCHEMA_NAME LIKE 'elderly_fitness%' ORDER BY SCHEMA_NAME='elderly_fitness' DESC,SCHEMA_NAME limit 1

2026/04/13 11:58:33 [32m/Users/zmh/CodeBuddy/20260227183322/backend/pkg/database/mysql.go:50
[0m[33m[0.597ms] [34;1m[rows:-][0m SELECT count(*) FROM information_schema.tables WHERE table_schema = 'elderly_fitness' AND table_name = 'muscles' AND table_type = 'BASE TABLE'

2026/04/13 11:58:33 [32m/Users/zmh/CodeBuddy/20260227183322/backend/pkg/database/mysql.go:50
[0m[33m[0.097ms] [34;1m[rows:-][0m SELECT DATABASE()

2026/04/13 11:58:33 [32m/Users/zmh/CodeBuddy/20260227183322/backend/pkg/database/mysql.go:50
[0m[33m[0.220ms] [34;1m[rows:1][0m SELECT SCHEMA_NAME from Information_schema.SCHEMATA where SCHEMA_NAME LIKE 'elderly_fitness%' ORDER BY SCHEMA_NAME='elderly_fitness' DESC,SCHEMA_NAME limit 1

2026/04/13 11:58:33 [32m/Users/zmh/CodeBuddy/20260227183322/backend/pkg/database/mysql.go:50
[0m[33m[0.586ms] [34;1m[rows:-][0m SELECT * FROM `muscles` LIMIT 1

2026/04/13 11:58:33 [32m/Users/zmh/CodeBuddy/20260227183322/backend/pkg/database/mysql.go:50
[0m[33m[0.722ms] [34;1m[rows:-][0m SELECT column_name, column_default, is_nullable = 'YES', data_type, character_maximum_length, column_type, column_key, extra, column_comment, numeric_precision, numeric_scale , datetime_precision FROM information_schema.columns WHERE table_schema = 'elderly_fitness' AND table_name = 'muscles' ORDER BY ORDINAL_POSITION

2026/04/13 11:58:33 [32m/Users/zmh/CodeBuddy/20260227183322/backend/pkg/database/mysql.go:50
[0m[33m[0.073ms] [34;1m[rows:-][0m SELECT DATABASE()

2026/04/13 11:58:33 [32m/Users/zmh/CodeBuddy/20260227183322/backend/pkg/database/mysql.go:50
[0m[33m[0.223ms] [34;1m[rows:1][0m SELECT SCHEMA_NAME from Information_schema.SCHEMATA where SCHEMA_NAME LIKE 'elderly_fitness%' ORDER BY SCHEMA_NAME='elderly_fitness' DESC,SCHEMA_NAME limit 1

2026/04/13 11:58:33 [32m/Users/zmh/CodeBuddy/20260227183322/backend/pkg/database/mysql.go:50
[0m[33m[3.359ms] [34;1m[rows:-][0m SELECT count(*) FROM INFORMATION_SCHEMA.table_constraints WHERE constraint_schema = 'elderly_fitness' AND table_name = 'muscles' AND constraint_name = 'fk_muscles_muscle_group'

2026/04/13 11:58:33 [32m/Users/zmh/CodeBuddy/20260227183322/backend/pkg/database/mysql.go:50
[0m[33m[0.064ms] [34;1m[rows:-][0m SELECT DATABASE()

2026/04/13 11:58:33 [32m/Users/zmh/CodeBuddy/20260227183322/backend/pkg/database/mysql.go:50
[0m[33m[0.275ms] [34;1m[rows:1][0m SELECT SCHEMA_NAME from Information_schema.SCHEMATA where SCHEMA_NAME LIKE 'elderly_fitness%' ORDER BY SCHEMA_NAME='elderly_fitness' DESC,SCHEMA_NAME limit 1

2026/04/13 11:58:33 [32m/Users/zmh/CodeBuddy/20260227183322/backend/pkg/database/mysql.go:50
[0m[33m[0.594ms] [34;1m[rows:-][0m SELECT count(*) FROM information_schema.statistics WHERE table_schema = 'elderly_fitness' AND table_name = 'muscles' AND index_name = 'idx_muscles_muscle_group_id'

2026/04/13 11:58:33 [32m/Users/zmh/CodeBuddy/20260227183322/backend/pkg/database/mysql.go:50
[0m[33m[0.056ms] [34;1m[rows:-][0m SELECT DATABASE()

2026/04/13 11:58:33 [32m/Users/zmh/CodeBuddy/20260227183322/backend/pkg/database/mysql.go:50
[0m[33m[0.173ms] [34;1m[rows:1][0m SELECT SCHEMA_NAME from Information_schema.SCHEMATA where SCHEMA_NAME LIKE 'elderly_fitness%' ORDER BY SCHEMA_NAME='elderly_fitness' DESC,SCHEMA_NAME limit 1

2026/04/13 11:58:33 [32m/Users/zmh/CodeBuddy/20260227183322/backend/pkg/database/mysql.go:50
[0m[33m[0.300ms] [34;1m[rows:-][0m SELECT count(*) FROM information_schema.statistics WHERE table_schema = 'elderly_fitness' AND table_name = 'muscles' AND index_name = 'idx_muscles_deleted_at'

2026/04/13 11:58:33 [32m/Users/zmh/CodeBuddy/20260227183322/backend/pkg/database/mysql.go:50
[0m[33m[0.063ms] [34;1m[rows:-][0m SELECT DATABASE()

2026/04/13 11:58:33 [32m/Users/zmh/CodeBuddy/20260227183322/backend/pkg/database/mysql.go:50
[0m[33m[0.187ms] [34;1m[rows:1][0m SELECT SCHEMA_NAME from Information_schema.SCHEMATA where SCHEMA_NAME LIKE 'elderly_fitness%' ORDER BY SCHEMA_NAME='elderly_fitness' DESC,SCHEMA_NAME limit 1

2026/04/13 11:58:33 [32m/Users/zmh/CodeBuddy/20260227183322/backend/pkg/database/mysql.go:50
[0m[33m[0.350ms] [34;1m[rows:-][0m SELECT count(*) FROM information_schema.tables WHERE table_schema = 'elderly_fitness' AND table_name = 'exercises' AND table_type = 'BASE TABLE'

2026/04/13 11:58:33 [32m/Users/zmh/CodeBuddy/20260227183322/backend/pkg/database/mysql.go:50
[0m[33m[0.043ms] [34;1m[rows:-][0m SELECT DATABASE()

2026/04/13 11:58:33 [32m/Users/zmh/CodeBuddy/20260227183322/backend/pkg/database/mysql.go:50
[0m[33m[0.165ms] [34;1m[rows:1][0m SELECT SCHEMA_NAME from Information_schema.SCHEMATA where SCHEMA_NAME LIKE 'elderly_fitness%' ORDER BY SCHEMA_NAME='elderly_fitness' DESC,SCHEMA_NAME limit 1

2026/04/13 11:58:33 [32m/Users/zmh/CodeBuddy/20260227183322/backend/pkg/database/mysql.go:50
[0m[33m[1.013ms] [34;1m[rows:-][0m SELECT * FROM `exercises` LIMIT 1

2026/04/13 11:58:33 [32m/Users/zmh/CodeBuddy/20260227183322/backend/pkg/database/mysql.go:50
[0m[33m[0.958ms] [34;1m[rows:-][0m SELECT column_name, column_default, is_nullable = 'YES', data_type, character_maximum_length, column_type, column_key, extra, column_comment, numeric_precision, numeric_scale , datetime_precision FROM information_schema.columns WHERE table_schema = 'elderly_fitness' AND table_name = 'exercises' ORDER BY ORDINAL_POSITION

2026/04/13 11:58:33 [32m/Users/zmh/CodeBuddy/20260227183322/backend/pkg/database/mysql.go:50
[0m[33m[82.927ms] [34;1m[rows:0][0m ALTER TABLE `exercises` ADD `gif_url` varchar(255)

2026/04/13 11:58:33 [32m/Users/zmh/CodeBuddy/20260227183322/backend/pkg/database/mysql.go:50
[0m[33m[0.179ms] [34;1m[rows:-][0m SELECT DATABASE()

2026/04/13 11:58:33 [32m/Users/zmh/CodeBuddy/20260227183322/backend/pkg/database/mysql.go:50
[0m[33m[0.547ms] [34;1m[rows:1][0m SELECT SCHEMA_NAME from Information_schema.SCHEMATA where SCHEMA_NAME LIKE 'elderly_fitness%' ORDER BY SCHEMA_NAME='elderly_fitness' DESC,SCHEMA_NAME limit 1

2026/04/13 11:58:33 [32m/Users/zmh/CodeBuddy/20260227183322/backend/pkg/database/mysql.go:50
[0m[33m[0.474ms] [34;1m[rows:-][0m SELECT count(*) FROM INFORMATION_SCHEMA.table_constraints WHERE constraint_schema = 'elderly_fitness' AND table_name = 'exercises' AND constraint_name = 'fk_muscle_groups_exercises'

2026/04/13 11:58:33 [32m/Users/zmh/CodeBuddy/20260227183322/backend/pkg/database/mysql.go:50
[0m[33m[0.051ms] [34;1m[rows:-][0m SELECT DATABASE()

2026/04/13 11:58:33 [32m/Users/zmh/CodeBuddy/20260227183322/backend/pkg/database/mysql.go:50
[0m[33m[0.207ms] [34;1m[rows:1][0m SELECT SCHEMA_NAME from Information_schema.SCHEMATA where SCHEMA_NAME LIKE 'elderly_fitness%' ORDER BY SCHEMA_NAME='elderly_fitness' DESC,SCHEMA_NAME limit 1

2026/04/13 11:58:33 [32m/Users/zmh/CodeBuddy/20260227183322/backend/pkg/database/mysql.go:50
[0m[33m[0.488ms] [34;1m[rows:-][0m SELECT count(*) FROM information_schema.statistics WHERE table_schema = 'elderly_fitness' AND table_name = 'exercises' AND index_name = 'idx_exercises_muscle_group_id'

2026/04/13 11:58:33 [32m/Users/zmh/CodeBuddy/20260227183322/backend/pkg/database/mysql.go:50
[0m[33m[0.049ms] [34;1m[rows:-][0m SELECT DATABASE()

2026/04/13 11:58:33 [32m/Users/zmh/CodeBuddy/20260227183322/backend/pkg/database/mysql.go:50
[0m[33m[0.257ms] [34;1m[rows:1][0m SELECT SCHEMA_NAME from Information_schema.SCHEMATA where SCHEMA_NAME LIKE 'elderly_fitness%' ORDER BY SCHEMA_NAME='elderly_fitness' DESC,SCHEMA_NAME limit 1

2026/04/13 11:58:33 [32m/Users/zmh/CodeBuddy/20260227183322/backend/pkg/database/mysql.go:50
[0m[33m[0.939ms] [34;1m[rows:-][0m SELECT count(*) FROM information_schema.statistics WHERE table_schema = 'elderly_fitness' AND table_name = 'exercises' AND index_name = 'idx_exercises_deleted_at'

2026/04/13 11:58:33 [32m/Users/zmh/CodeBuddy/20260227183322/backend/pkg/database/mysql.go:50
[0m[33m[0.068ms] [34;1m[rows:-][0m SELECT DATABASE()

2026/04/13 11:58:33 [32m/Users/zmh/CodeBuddy/20260227183322/backend/pkg/database/mysql.go:50
[0m[33m[0.245ms] [34;1m[rows:1][0m SELECT SCHEMA_NAME from Information_schema.SCHEMATA where SCHEMA_NAME LIKE 'elderly_fitness%' ORDER BY SCHEMA_NAME='elderly_fitness' DESC,SCHEMA_NAME limit 1

2026/04/13 11:58:33 [32m/Users/zmh/CodeBuddy/20260227183322/backend/pkg/database/mysql.go:50
[0m[33m[0.444ms] [34;1m[rows:-][0m SELECT count(*) FROM information_schema.tables WHERE table_schema = 'elderly_fitness' AND table_name = 'exercise_steps' AND table_type = 'BASE TABLE'

2026/04/13 11:58:33 [32m/Users/zmh/CodeBuddy/20260227183322/backend/pkg/database/mysql.go:50
[0m[33m[0.059ms] [34;1m[rows:-][0m SELECT DATABASE()

2026/04/13 11:58:33 [32m/Users/zmh/CodeBuddy/20260227183322/backend/pkg/database/mysql.go:50
[0m[33m[0.206ms] [34;1m[rows:1][0m SELECT SCHEMA_NAME from Information_schema.SCHEMATA where SCHEMA_NAME LIKE 'elderly_fitness%' ORDER BY SCHEMA_NAME='elderly_fitness' DESC,SCHEMA_NAME limit 1

2026/04/13 11:58:33 [32m/Users/zmh/CodeBuddy/20260227183322/backend/pkg/database/mysql.go:50
[0m[33m[1.312ms] [34;1m[rows:-][0m SELECT * FROM `exercise_steps` LIMIT 1

2026/04/13 11:58:33 [32m/Users/zmh/CodeBuddy/20260227183322/backend/pkg/database/mysql.go:50
[0m[33m[1.034ms] [34;1m[rows:-][0m SELECT column_name, column_default, is_nullable = 'YES', data_type, character_maximum_length, column_type, column_key, extra, column_comment, numeric_precision, numeric_scale , datetime_precision FROM information_schema.columns WHERE table_schema = 'elderly_fitness' AND table_name = 'exercise_steps' ORDER BY ORDINAL_POSITION

2026/04/13 11:58:33 [32m/Users/zmh/CodeBuddy/20260227183322/backend/pkg/database/mysql.go:50
[0m[33m[0.063ms] [34;1m[rows:-][0m SELECT DATABASE()

2026/04/13 11:58:33 [32m/Users/zmh/CodeBuddy/20260227183322/backend/pkg/database/mysql.go:50
[0m[33m[0.223ms] [34;1m[rows:1][0m SELECT SCHEMA_NAME from Information_schema.SCHEMATA where SCHEMA_NAME LIKE 'elderly_fitness%' ORDER BY SCHEMA_NAME='elderly_fitness' DESC,SCHEMA_NAME limit 1

2026/04/13 11:58:33 [32m/Users/zmh/CodeBuddy/20260227183322/backend/pkg/database/mysql.go:50
[0m[33m[0.321ms] [34;1m[rows:-][0m SELECT count(*) FROM INFORMATION_SCHEMA.table_constraints WHERE constraint_schema = 'elderly_fitness' AND table_name = 'exercise_steps' AND constraint_name = 'fk_exercises_steps'

2026/04/13 11:58:33 [32m/Users/zmh/CodeBuddy/20260227183322/backend/pkg/database/mysql.go:50
[0m[33m[0.053ms] [34;1m[rows:-][0m SELECT DATABASE()

2026/04/13 11:58:33 [32m/Users/zmh/CodeBuddy/20260227183322/backend/pkg/database/mysql.go:50
[0m[33m[0.206ms] [34;1m[rows:1][0m SELECT SCHEMA_NAME from Information_schema.SCHEMATA where SCHEMA_NAME LIKE 'elderly_fitness%' ORDER BY SCHEMA_NAME='elderly_fitness' DESC,SCHEMA_NAME limit 1

2026/04/13 11:58:33 [32m/Users/zmh/CodeBuddy/20260227183322/backend/pkg/database/mysql.go:50
[0m[33m[0.348ms] [34;1m[rows:-][0m SELECT count(*) FROM information_schema.statistics WHERE table_schema = 'elderly_fitness' AND table_name = 'exercise_steps' AND index_name = 'idx_exercise_steps_exercise_id'

2026/04/13 11:58:33 [32m/Users/zmh/CodeBuddy/20260227183322/backend/pkg/database/mysql.go:50
[0m[33m[0.057ms] [34;1m[rows:-][0m SELECT DATABASE()

2026/04/13 11:58:33 [32m/Users/zmh/CodeBuddy/20260227183322/backend/pkg/database/mysql.go:50
[0m[33m[0.199ms] [34;1m[rows:1][0m SELECT SCHEMA_NAME from Information_schema.SCHEMATA where SCHEMA_NAME LIKE 'elderly_fitness%' ORDER BY SCHEMA_NAME='elderly_fitness' DESC,SCHEMA_NAME limit 1

2026/04/13 11:58:33 [32m/Users/zmh/CodeBuddy/20260227183322/backend/pkg/database/mysql.go:50
[0m[33m[0.333ms] [34;1m[rows:-][0m SELECT count(*) FROM information_schema.statistics WHERE table_schema = 'elderly_fitness' AND table_name = 'exercise_steps' AND index_name = 'idx_exercise_steps_deleted_at'

2026/04/13 11:58:33 [32m/Users/zmh/CodeBuddy/20260227183322/backend/pkg/database/mysql.go:50
[0m[33m[0.057ms] [34;1m[rows:-][0m SELECT DATABASE()

2026/04/13 11:58:33 [32m/Users/zmh/CodeBuddy/20260227183322/backend/pkg/database/mysql.go:50
[0m[33m[0.213ms] [34;1m[rows:1][0m SELECT SCHEMA_NAME from Information_schema.SCHEMATA where SCHEMA_NAME LIKE 'elderly_fitness%' ORDER BY SCHEMA_NAME='elderly_fitness' DESC,SCHEMA_NAME limit 1

2026/04/13 11:58:33 [32m/Users/zmh/CodeBuddy/20260227183322/backend/pkg/database/mysql.go:50
[0m[33m[0.432ms] [34;1m[rows:-][0m SELECT count(*) FROM information_schema.tables WHERE table_schema = 'elderly_fitness' AND table_name = 'exercise_benefits' AND table_type = 'BASE TABLE'

2026/04/13 11:58:33 [32m/Users/zmh/CodeBuddy/20260227183322/backend/pkg/database/mysql.go:50
[0m[33m[0.066ms] [34;1m[rows:-][0m SELECT DATABASE()

2026/04/13 11:58:33 [32m/Users/zmh/CodeBuddy/20260227183322/backend/pkg/database/mysql.go:50
[0m[33m[0.201ms] [34;1m[rows:1][0m SELECT SCHEMA_NAME from Information_schema.SCHEMATA where SCHEMA_NAME LIKE 'elderly_fitness%' ORDER BY SCHEMA_NAME='elderly_fitness' DESC,SCHEMA_NAME limit 1

2026/04/13 11:58:33 [32m/Users/zmh/CodeBuddy/20260227183322/backend/pkg/database/mysql.go:50
[0m[33m[1.212ms] [34;1m[rows:-][0m SELECT * FROM `exercise_benefits` LIMIT 1

2026/04/13 11:58:33 [32m/Users/zmh/CodeBuddy/20260227183322/backend/pkg/database/mysql.go:50
[0m[33m[0.679ms] [34;1m[rows:-][0m SELECT column_name, column_default, is_nullable = 'YES', data_type, character_maximum_length, column_type, column_key, extra, column_comment, numeric_precision, numeric_scale , datetime_precision FROM information_schema.columns WHERE table_schema = 'elderly_fitness' AND table_name = 'exercise_benefits' ORDER BY ORDINAL_POSITION

2026/04/13 11:58:33 [32m/Users/zmh/CodeBuddy/20260227183322/backend/pkg/database/mysql.go:50
[0m[33m[0.060ms] [34;1m[rows:-][0m SELECT DATABASE()

2026/04/13 11:58:33 [32m/Users/zmh/CodeBuddy/20260227183322/backend/pkg/database/mysql.go:50
[0m[33m[0.197ms] [34;1m[rows:1][0m SELECT SCHEMA_NAME from Information_schema.SCHEMATA where SCHEMA_NAME LIKE 'elderly_fitness%' ORDER BY SCHEMA_NAME='elderly_fitness' DESC,SCHEMA_NAME limit 1

2026/04/13 11:58:33 [32m/Users/zmh/CodeBuddy/20260227183322/backend/pkg/database/mysql.go:50
[0m[33m[0.340ms] [34;1m[rows:-][0m SELECT count(*) FROM information_schema.statistics WHERE table_schema = 'elderly_fitness' AND table_name = 'exercise_benefits' AND index_name = 'idx_exercise_benefits_exercise_id'

2026/04/13 11:58:33 [32m/Users/zmh/CodeBuddy/20260227183322/backend/pkg/database/mysql.go:50
[0m[33m[0.051ms] [34;1m[rows:-][0m SELECT DATABASE()

2026/04/13 11:58:33 [32m/Users/zmh/CodeBuddy/20260227183322/backend/pkg/database/mysql.go:50
[0m[33m[0.205ms] [34;1m[rows:1][0m SELECT SCHEMA_NAME from Information_schema.SCHEMATA where SCHEMA_NAME LIKE 'elderly_fitness%' ORDER BY SCHEMA_NAME='elderly_fitness' DESC,SCHEMA_NAME limit 1

2026/04/13 11:58:33 [32m/Users/zmh/CodeBuddy/20260227183322/backend/pkg/database/mysql.go:50
[0m[33m[0.318ms] [34;1m[rows:-][0m SELECT count(*) FROM information_schema.statistics WHERE table_schema = 'elderly_fitness' AND table_name = 'exercise_benefits' AND index_name = 'idx_exercise_benefits_deleted_at'

2026/04/13 11:58:33 [32m/Users/zmh/CodeBuddy/20260227183322/backend/pkg/database/mysql.go:50
[0m[33m[0.054ms] [34;1m[rows:-][0m SELECT DATABASE()

2026/04/13 11:58:33 [32m/Users/zmh/CodeBuddy/20260227183322/backend/pkg/database/mysql.go:50
[0m[33m[0.200ms] [34;1m[rows:1][0m SELECT SCHEMA_NAME from Information_schema.SCHEMATA where SCHEMA_NAME LIKE 'elderly_fitness%' ORDER BY SCHEMA_NAME='elderly_fitness' DESC,SCHEMA_NAME limit 1

2026/04/13 11:58:33 [32m/Users/zmh/CodeBuddy/20260227183322/backend/pkg/database/mysql.go:50
[0m[33m[0.642ms] [34;1m[rows:-][0m SELECT count(*) FROM information_schema.tables WHERE table_schema = 'elderly_fitness' AND table_name = 'exercise_precautions' AND table_type = 'BASE TABLE'

2026/04/13 11:58:33 [32m/Users/zmh/CodeBuddy/20260227183322/backend/pkg/database/mysql.go:50
[0m[33m[0.058ms] [34;1m[rows:-][0m SELECT DATABASE()

2026/04/13 11:58:33 [32m/Users/zmh/CodeBuddy/20260227183322/backend/pkg/database/mysql.go:50
[0m[33m[0.227ms] [34;1m[rows:1][0m SELECT SCHEMA_NAME from Information_schema.SCHEMATA where SCHEMA_NAME LIKE 'elderly_fitness%' ORDER BY SCHEMA_NAME='elderly_fitness' DESC,SCHEMA_NAME limit 1

2026/04/13 11:58:33 [32m/Users/zmh/CodeBuddy/20260227183322/backend/pkg/database/mysql.go:50
[0m[33m[0.104ms] [34;1m[rows:-][0m SELECT * FROM `exercise_precautions` LIMIT 1

2026/04/13 11:58:33 [32m/Users/zmh/CodeBuddy/20260227183322/backend/pkg/database/mysql.go:50
[0m[33m[0.472ms] [34;1m[rows:-][0m SELECT column_name, column_default, is_nullable = 'YES', data_type, character_maximum_length, column_type, column_key, extra, column_comment, numeric_precision, numeric_scale , datetime_precision FROM information_schema.columns WHERE table_schema = 'elderly_fitness' AND table_name = 'exercise_precautions' ORDER BY ORDINAL_POSITION

2026/04/13 11:58:33 [32m/Users/zmh/CodeBuddy/20260227183322/backend/pkg/database/mysql.go:50
[0m[33m[0.059ms] [34;1m[rows:-][0m SELECT DATABASE()

2026/04/13 11:58:33 [32m/Users/zmh/CodeBuddy/20260227183322/backend/pkg/database/mysql.go:50
[0m[33m[0.204ms] [34;1m[rows:1][0m SELECT SCHEMA_NAME from Information_schema.SCHEMATA where SCHEMA_NAME LIKE 'elderly_fitness%' ORDER BY SCHEMA_NAME='elderly_fitness' DESC,SCHEMA_NAME limit 1

2026/04/13 11:58:33 [32m/Users/zmh/CodeBuddy/20260227183322/backend/pkg/database/mysql.go:50
[0m[33m[0.323ms] [34;1m[rows:-][0m SELECT count(*) FROM information_schema.statistics WHERE table_schema = 'elderly_fitness' AND table_name = 'exercise_precautions' AND index_name = 'idx_exercise_precautions_exercise_id'

2026/04/13 11:58:33 [32m/Users/zmh/CodeBuddy/20260227183322/backend/pkg/database/mysql.go:50
[0m[33m[0.167ms] [34;1m[rows:-][0m SELECT DATABASE()

2026/04/13 11:58:33 [32m/Users/zmh/CodeBuddy/20260227183322/backend/pkg/database/mysql.go:50
[0m[33m[1.512ms] [34;1m[rows:1][0m SELECT SCHEMA_NAME from Information_schema.SCHEMATA where SCHEMA_NAME LIKE 'elderly_fitness%' ORDER BY SCHEMA_NAME='elderly_fitness' DESC,SCHEMA_NAME limit 1

2026/04/13 11:58:33 [32m/Users/zmh/CodeBuddy/20260227183322/backend/pkg/database/mysql.go:50
[0m[33m[0.307ms] [34;1m[rows:-][0m SELECT count(*) FROM information_schema.statistics WHERE table_schema = 'elderly_fitness' AND table_name = 'exercise_precautions' AND index_name = 'idx_exercise_precautions_deleted_at'

2026/04/13 11:58:33 [32m/Users/zmh/CodeBuddy/20260227183322/backend/pkg/database/mysql.go:50
[0m[33m[0.047ms] [34;1m[rows:-][0m SELECT DATABASE()

2026/04/13 11:58:33 [32m/Users/zmh/CodeBuddy/20260227183322/backend/pkg/database/mysql.go:50
[0m[33m[0.176ms] [34;1m[rows:1][0m SELECT SCHEMA_NAME from Information_schema.SCHEMATA where SCHEMA_NAME LIKE 'elderly_fitness%' ORDER BY SCHEMA_NAME='elderly_fitness' DESC,SCHEMA_NAME limit 1

2026/04/13 11:58:33 [32m/Users/zmh/CodeBuddy/20260227183322/backend/pkg/database/mysql.go:50
[0m[33m[0.326ms] [34;1m[rows:-][0m SELECT count(*) FROM information_schema.tables WHERE table_schema = 'elderly_fitness' AND table_name = 'user_exercise_records' AND table_type = 'BASE TABLE'

2026/04/13 11:58:33 [32m/Users/zmh/CodeBuddy/20260227183322/backend/pkg/database/mysql.go:50
[0m[33m[0.055ms] [34;1m[rows:-][0m SELECT DATABASE()

2026/04/13 11:58:33 [32m/Users/zmh/CodeBuddy/20260227183322/backend/pkg/database/mysql.go:50
[0m[33m[0.208ms] [34;1m[rows:1][0m SELECT SCHEMA_NAME from Information_schema.SCHEMATA where SCHEMA_NAME LIKE 'elderly_fitness%' ORDER BY SCHEMA_NAME='elderly_fitness' DESC,SCHEMA_NAME limit 1

2026/04/13 11:58:33 [32m/Users/zmh/CodeBuddy/20260227183322/backend/pkg/database/mysql.go:50
[0m[33m[0.416ms] [34;1m[rows:-][0m SELECT * FROM `user_exercise_records` LIMIT 1

2026/04/13 11:58:33 [32m/Users/zmh/CodeBuddy/20260227183322/backend/pkg/database/mysql.go:50
[0m[33m[0.459ms] [34;1m[rows:-][0m SELECT column_name, column_default, is_nullable = 'YES', data_type, character_maximum_length, column_type, column_key, extra, column_comment, numeric_precision, numeric_scale , datetime_precision FROM information_schema.columns WHERE table_schema = 'elderly_fitness' AND table_name = 'user_exercise_records' ORDER BY ORDINAL_POSITION

2026/04/13 11:58:33 [32m/Users/zmh/CodeBuddy/20260227183322/backend/pkg/database/mysql.go:50
[0m[33m[0.052ms] [34;1m[rows:-][0m SELECT DATABASE()

2026/04/13 11:58:33 [32m/Users/zmh/CodeBuddy/20260227183322/backend/pkg/database/mysql.go:50
[0m[33m[0.208ms] [34;1m[rows:1][0m SELECT SCHEMA_NAME from Information_schema.SCHEMATA where SCHEMA_NAME LIKE 'elderly_fitness%' ORDER BY SCHEMA_NAME='elderly_fitness' DESC,SCHEMA_NAME limit 1

2026/04/13 11:58:33 [32m/Users/zmh/CodeBuddy/20260227183322/backend/pkg/database/mysql.go:50
[0m[33m[0.352ms] [34;1m[rows:-][0m SELECT count(*) FROM INFORMATION_SCHEMA.table_constraints WHERE constraint_schema = 'elderly_fitness' AND table_name = 'user_exercise_records' AND constraint_name = 'fk_user_exercise_records_user'

2026/04/13 11:58:33 [32m/Users/zmh/CodeBuddy/20260227183322/backend/pkg/database/mysql.go:50
[0m[33m[0.072ms] [34;1m[rows:-][0m SELECT DATABASE()

2026/04/13 11:58:33 [32m/Users/zmh/CodeBuddy/20260227183322/backend/pkg/database/mysql.go:50
[0m[33m[0.206ms] [34;1m[rows:1][0m SELECT SCHEMA_NAME from Information_schema.SCHEMATA where SCHEMA_NAME LIKE 'elderly_fitness%' ORDER BY SCHEMA_NAME='elderly_fitness' DESC,SCHEMA_NAME limit 1

2026/04/13 11:58:33 [32m/Users/zmh/CodeBuddy/20260227183322/backend/pkg/database/mysql.go:50
[0m[33m[0.308ms] [34;1m[rows:-][0m SELECT count(*) FROM INFORMATION_SCHEMA.table_constraints WHERE constraint_schema = 'elderly_fitness' AND table_name = 'user_exercise_records' AND constraint_name = 'fk_user_exercise_records_exercise'

2026/04/13 11:58:33 [32m/Users/zmh/CodeBuddy/20260227183322/backend/pkg/database/mysql.go:50
[0m[33m[0.054ms] [34;1m[rows:-][0m SELECT DATABASE()

2026/04/13 11:58:33 [32m/Users/zmh/CodeBuddy/20260227183322/backend/pkg/database/mysql.go:50
[0m[33m[0.246ms] [34;1m[rows:1][0m SELECT SCHEMA_NAME from Information_schema.SCHEMATA where SCHEMA_NAME LIKE 'elderly_fitness%' ORDER BY SCHEMA_NAME='elderly_fitness' DESC,SCHEMA_NAME limit 1

2026/04/13 11:58:33 [32m/Users/zmh/CodeBuddy/20260227183322/backend/pkg/database/mysql.go:50
[0m[33m[0.434ms] [34;1m[rows:-][0m SELECT count(*) FROM information_schema.statistics WHERE table_schema = 'elderly_fitness' AND table_name = 'user_exercise_records' AND index_name = 'idx_user_exercise_records_user_id'

2026/04/13 11:58:33 [32m/Users/zmh/CodeBuddy/20260227183322/backend/pkg/database/mysql.go:50
[0m[33m[0.059ms] [34;1m[rows:-][0m SELECT DATABASE()

2026/04/13 11:58:33 [32m/Users/zmh/CodeBuddy/20260227183322/backend/pkg/database/mysql.go:50
[0m[33m[0.199ms] [34;1m[rows:1][0m SELECT SCHEMA_NAME from Information_schema.SCHEMATA where SCHEMA_NAME LIKE 'elderly_fitness%' ORDER BY SCHEMA_NAME='elderly_fitness' DESC,SCHEMA_NAME limit 1

2026/04/13 11:58:33 [32m/Users/zmh/CodeBuddy/20260227183322/backend/pkg/database/mysql.go:50
[0m[33m[0.296ms] [34;1m[rows:-][0m SELECT count(*) FROM information_schema.statistics WHERE table_schema = 'elderly_fitness' AND table_name = 'user_exercise_records' AND index_name = 'idx_user_exercise_records_exercise_id'

2026/04/13 11:58:33 [32m/Users/zmh/CodeBuddy/20260227183322/backend/pkg/database/mysql.go:50
[0m[33m[0.054ms] [34;1m[rows:-][0m SELECT DATABASE()

2026/04/13 11:58:33 [32m/Users/zmh/CodeBuddy/20260227183322/backend/pkg/database/mysql.go:50
[0m[33m[0.188ms] [34;1m[rows:1][0m SELECT SCHEMA_NAME from Information_schema.SCHEMATA where SCHEMA_NAME LIKE 'elderly_fitness%' ORDER BY SCHEMA_NAME='elderly_fitness' DESC,SCHEMA_NAME limit 1

2026/04/13 11:58:33 [32m/Users/zmh/CodeBuddy/20260227183322/backend/pkg/database/mysql.go:50
[0m[33m[0.288ms] [34;1m[rows:-][0m SELECT count(*) FROM information_schema.statistics WHERE table_schema = 'elderly_fitness' AND table_name = 'user_exercise_records' AND index_name = 'idx_user_exercise_records_deleted_at'

2026/04/13 11:58:33 [32m/Users/zmh/CodeBuddy/20260227183322/backend/pkg/database/mysql.go:50
[0m[33m[0.054ms] [34;1m[rows:-][0m SELECT DATABASE()

2026/04/13 11:58:33 [32m/Users/zmh/CodeBuddy/20260227183322/backend/pkg/database/mysql.go:50
[0m[33m[0.206ms] [34;1m[rows:1][0m SELECT SCHEMA_NAME from Information_schema.SCHEMATA where SCHEMA_NAME LIKE 'elderly_fitness%' ORDER BY SCHEMA_NAME='elderly_fitness' DESC,SCHEMA_NAME limit 1

2026/04/13 11:58:33 [32m/Users/zmh/CodeBuddy/20260227183322/backend/pkg/database/mysql.go:50
[0m[33m[0.682ms] [34;1m[rows:-][0m SELECT count(*) FROM information_schema.tables WHERE table_schema = 'elderly_fitness' AND table_name = 'user_daily_stats' AND table_type = 'BASE TABLE'

2026/04/13 11:58:33 [32m/Users/zmh/CodeBuddy/20260227183322/backend/pkg/database/mysql.go:50
[0m[33m[0.056ms] [34;1m[rows:-][0m SELECT DATABASE()

2026/04/13 11:58:33 [32m/Users/zmh/CodeBuddy/20260227183322/backend/pkg/database/mysql.go:50
[0m[33m[0.213ms] [34;1m[rows:1][0m SELECT SCHEMA_NAME from Information_schema.SCHEMATA where SCHEMA_NAME LIKE 'elderly_fitness%' ORDER BY SCHEMA_NAME='elderly_fitness' DESC,SCHEMA_NAME limit 1

2026/04/13 11:58:33 [32m/Users/zmh/CodeBuddy/20260227183322/backend/pkg/database/mysql.go:50
[0m[33m[0.113ms] [34;1m[rows:-][0m SELECT * FROM `user_daily_stats` LIMIT 1

2026/04/13 11:58:33 [32m/Users/zmh/CodeBuddy/20260227183322/backend/pkg/database/mysql.go:50
[0m[33m[0.449ms] [34;1m[rows:-][0m SELECT column_name, column_default, is_nullable = 'YES', data_type, character_maximum_length, column_type, column_key, extra, column_comment, numeric_precision, numeric_scale , datetime_precision FROM information_schema.columns WHERE table_schema = 'elderly_fitness' AND table_name = 'user_daily_stats' ORDER BY ORDINAL_POSITION

2026/04/13 11:58:33 [32m/Users/zmh/CodeBuddy/20260227183322/backend/pkg/database/mysql.go:50
[0m[33m[0.051ms] [34;1m[rows:-][0m SELECT DATABASE()

2026/04/13 11:58:33 [32m/Users/zmh/CodeBuddy/20260227183322/backend/pkg/database/mysql.go:50
[0m[33m[0.226ms] [34;1m[rows:1][0m SELECT SCHEMA_NAME from Information_schema.SCHEMATA where SCHEMA_NAME LIKE 'elderly_fitness%' ORDER BY SCHEMA_NAME='elderly_fitness' DESC,SCHEMA_NAME limit 1

2026/04/13 11:58:33 [32m/Users/zmh/CodeBuddy/20260227183322/backend/pkg/database/mysql.go:50
[0m[33m[0.316ms] [34;1m[rows:-][0m SELECT count(*) FROM INFORMATION_SCHEMA.table_constraints WHERE constraint_schema = 'elderly_fitness' AND table_name = 'user_daily_stats' AND constraint_name = 'fk_user_daily_stats_user'

2026/04/13 11:58:33 [32m/Users/zmh/CodeBuddy/20260227183322/backend/pkg/database/mysql.go:50
[0m[33m[0.095ms] [34;1m[rows:-][0m SELECT DATABASE()

2026/04/13 11:58:33 [32m/Users/zmh/CodeBuddy/20260227183322/backend/pkg/database/mysql.go:50
[0m[33m[0.188ms] [34;1m[rows:1][0m SELECT SCHEMA_NAME from Information_schema.SCHEMATA where SCHEMA_NAME LIKE 'elderly_fitness%' ORDER BY SCHEMA_NAME='elderly_fitness' DESC,SCHEMA_NAME limit 1

2026/04/13 11:58:33 [32m/Users/zmh/CodeBuddy/20260227183322/backend/pkg/database/mysql.go:50
[0m[33m[0.328ms] [34;1m[rows:-][0m SELECT count(*) FROM information_schema.statistics WHERE table_schema = 'elderly_fitness' AND table_name = 'user_daily_stats' AND index_name = 'idx_user_daily_stats_deleted_at'

2026/04/13 11:58:33 [32m/Users/zmh/CodeBuddy/20260227183322/backend/pkg/database/mysql.go:50
[0m[33m[0.075ms] [34;1m[rows:-][0m SELECT DATABASE()

2026/04/13 11:58:33 [32m/Users/zmh/CodeBuddy/20260227183322/backend/pkg/database/mysql.go:50
[0m[33m[0.221ms] [34;1m[rows:1][0m SELECT SCHEMA_NAME from Information_schema.SCHEMATA where SCHEMA_NAME LIKE 'elderly_fitness%' ORDER BY SCHEMA_NAME='elderly_fitness' DESC,SCHEMA_NAME limit 1

2026/04/13 11:58:33 [32m/Users/zmh/CodeBuddy/20260227183322/backend/pkg/database/mysql.go:50
[0m[33m[0.296ms] [34;1m[rows:-][0m SELECT count(*) FROM information_schema.statistics WHERE table_schema = 'elderly_fitness' AND table_name = 'user_daily_stats' AND index_name = 'idx_user_date'

2026/04/13 11:58:33 [32m/Users/zmh/CodeBuddy/20260227183322/backend/pkg/database/mysql.go:50
[0m[33m[0.050ms] [34;1m[rows:-][0m SELECT DATABASE()

2026/04/13 11:58:33 [32m/Users/zmh/CodeBuddy/20260227183322/backend/pkg/database/mysql.go:50
[0m[33m[0.207ms] [34;1m[rows:1][0m SELECT SCHEMA_NAME from Information_schema.SCHEMATA where SCHEMA_NAME LIKE 'elderly_fitness%' ORDER BY SCHEMA_NAME='elderly_fitness' DESC,SCHEMA_NAME limit 1

2026/04/13 11:58:33 [32m/Users/zmh/CodeBuddy/20260227183322/backend/pkg/database/mysql.go:50
[0m[33m[0.365ms] [34;1m[rows:-][0m SELECT count(*) FROM information_schema.tables WHERE table_schema = 'elderly_fitness' AND table_name = 'sms_codes' AND table_type = 'BASE TABLE'

2026/04/13 11:58:33 [32m/Users/zmh/CodeBuddy/20260227183322/backend/pkg/database/mysql.go:50
[0m[33m[0.049ms] [34;1m[rows:-][0m SELECT DATABASE()

2026/04/13 11:58:33 [32m/Users/zmh/CodeBuddy/20260227183322/backend/pkg/database/mysql.go:50
[0m[33m[0.191ms] [34;1m[rows:1][0m SELECT SCHEMA_NAME from Information_schema.SCHEMATA where SCHEMA_NAME LIKE 'elderly_fitness%' ORDER BY SCHEMA_NAME='elderly_fitness' DESC,SCHEMA_NAME limit 1

2026/04/13 11:58:33 [32m/Users/zmh/CodeBuddy/20260227183322/backend/pkg/database/mysql.go:50
[0m[33m[0.162ms] [34;1m[rows:-][0m SELECT * FROM `sms_codes` LIMIT 1

2026/04/13 11:58:33 [32m/Users/zmh/CodeBuddy/20260227183322/backend/pkg/database/mysql.go:50
[0m[33m[0.522ms] [34;1m[rows:-][0m SELECT column_name, column_default, is_nullable = 'YES', data_type, character_maximum_length, column_type, column_key, extra, column_comment, numeric_precision, numeric_scale , datetime_precision FROM information_schema.columns WHERE table_schema = 'elderly_fitness' AND table_name = 'sms_codes' ORDER BY ORDINAL_POSITION

2026/04/13 11:58:33 [32m/Users/zmh/CodeBuddy/20260227183322/backend/pkg/database/mysql.go:50
[0m[33m[6.560ms] [34;1m[rows:0][0m ALTER TABLE `sms_codes` MODIFY COLUMN `used` boolean DEFAULT false

2026/04/13 11:58:33 [32m/Users/zmh/CodeBuddy/20260227183322/backend/pkg/database/mysql.go:50
[0m[33m[0.066ms] [34;1m[rows:-][0m SELECT DATABASE()

2026/04/13 11:58:33 [32m/Users/zmh/CodeBuddy/20260227183322/backend/pkg/database/mysql.go:50
[0m[33m[0.233ms] [34;1m[rows:1][0m SELECT SCHEMA_NAME from Information_schema.SCHEMATA where SCHEMA_NAME LIKE 'elderly_fitness%' ORDER BY SCHEMA_NAME='elderly_fitness' DESC,SCHEMA_NAME limit 1

2026/04/13 11:58:33 [32m/Users/zmh/CodeBuddy/20260227183322/backend/pkg/database/mysql.go:50
[0m[33m[0.346ms] [34;1m[rows:-][0m SELECT count(*) FROM information_schema.statistics WHERE table_schema = 'elderly_fitness' AND table_name = 'sms_codes' AND index_name = 'idx_sms_codes_phone'

2026/04/13 11:58:33 [32m/Users/zmh/CodeBuddy/20260227183322/backend/pkg/database/mysql.go:50
[0m[33m[0.059ms] [34;1m[rows:-][0m SELECT DATABASE()

2026/04/13 11:58:33 [32m/Users/zmh/CodeBuddy/20260227183322/backend/pkg/database/mysql.go:50
[0m[33m[0.208ms] [34;1m[rows:1][0m SELECT SCHEMA_NAME from Information_schema.SCHEMATA where SCHEMA_NAME LIKE 'elderly_fitness%' ORDER BY SCHEMA_NAME='elderly_fitness' DESC,SCHEMA_NAME limit 1

2026/04/13 11:58:33 [32m/Users/zmh/CodeBuddy/20260227183322/backend/pkg/database/mysql.go:50
[0m[33m[0.449ms] [34;1m[rows:-][0m SELECT count(*) FROM information_schema.statistics WHERE table_schema = 'elderly_fitness' AND table_name = 'sms_codes' AND index_name = 'idx_sms_codes_deleted_at'

2026/04/13 11:58:33 [32m/Users/zmh/CodeBuddy/20260227183322/backend/pkg/database/mysql.go:50
[0m[33m[0.050ms] [34;1m[rows:-][0m SELECT DATABASE()

2026/04/13 11:58:33 [32m/Users/zmh/CodeBuddy/20260227183322/backend/pkg/database/mysql.go:50
[0m[33m[0.197ms] [34;1m[rows:1][0m SELECT SCHEMA_NAME from Information_schema.SCHEMATA where SCHEMA_NAME LIKE 'elderly_fitness%' ORDER BY SCHEMA_NAME='elderly_fitness' DESC,SCHEMA_NAME limit 1

2026/04/13 11:58:33 [32m/Users/zmh/CodeBuddy/20260227183322/backend/pkg/database/mysql.go:50
[0m[33m[0.405ms] [34;1m[rows:-][0m SELECT count(*) FROM information_schema.tables WHERE table_schema = 'elderly_fitness' AND table_name = 'comments' AND table_type = 'BASE TABLE'

2026/04/13 11:58:33 [32m/Users/zmh/CodeBuddy/20260227183322/backend/pkg/database/mysql.go:50
[0m[33m[0.142ms] [34;1m[rows:-][0m SELECT DATABASE()

2026/04/13 11:58:33 [32m/Users/zmh/CodeBuddy/20260227183322/backend/pkg/database/mysql.go:50
[0m[33m[0.269ms] [34;1m[rows:1][0m SELECT SCHEMA_NAME from Information_schema.SCHEMATA where SCHEMA_NAME LIKE 'elderly_fitness%' ORDER BY SCHEMA_NAME='elderly_fitness' DESC,SCHEMA_NAME limit 1

2026/04/13 11:58:33 [32m/Users/zmh/CodeBuddy/20260227183322/backend/pkg/database/mysql.go:50
[0m[33m[0.912ms] [34;1m[rows:-][0m SELECT * FROM `comments` LIMIT 1

2026/04/13 11:58:33 [32m/Users/zmh/CodeBuddy/20260227183322/backend/pkg/database/mysql.go:50
[0m[33m[0.706ms] [34;1m[rows:-][0m SELECT column_name, column_default, is_nullable = 'YES', data_type, character_maximum_length, column_type, column_key, extra, column_comment, numeric_precision, numeric_scale , datetime_precision FROM information_schema.columns WHERE table_schema = 'elderly_fitness' AND table_name = 'comments' ORDER BY ORDINAL_POSITION

2026/04/13 11:58:33 [32m/Users/zmh/CodeBuddy/20260227183322/backend/pkg/database/mysql.go:50
[0m[33m[0.059ms] [34;1m[rows:-][0m SELECT DATABASE()

2026/04/13 11:58:33 [32m/Users/zmh/CodeBuddy/20260227183322/backend/pkg/database/mysql.go:50
[0m[33m[0.210ms] [34;1m[rows:1][0m SELECT SCHEMA_NAME from Information_schema.SCHEMATA where SCHEMA_NAME LIKE 'elderly_fitness%' ORDER BY SCHEMA_NAME='elderly_fitness' DESC,SCHEMA_NAME limit 1

2026/04/13 11:58:33 [32m/Users/zmh/CodeBuddy/20260227183322/backend/pkg/database/mysql.go:50
[0m[33m[0.318ms] [34;1m[rows:-][0m SELECT count(*) FROM INFORMATION_SCHEMA.table_constraints WHERE constraint_schema = 'elderly_fitness' AND table_name = 'comments' AND constraint_name = 'fk_comments_exercise'

2026/04/13 11:58:33 [32m/Users/zmh/CodeBuddy/20260227183322/backend/pkg/database/mysql.go:50
[0m[33m[0.061ms] [34;1m[rows:-][0m SELECT DATABASE()

2026/04/13 11:58:33 [32m/Users/zmh/CodeBuddy/20260227183322/backend/pkg/database/mysql.go:50
[0m[33m[0.216ms] [34;1m[rows:1][0m SELECT SCHEMA_NAME from Information_schema.SCHEMATA where SCHEMA_NAME LIKE 'elderly_fitness%' ORDER BY SCHEMA_NAME='elderly_fitness' DESC,SCHEMA_NAME limit 1

2026/04/13 11:58:33 [32m/Users/zmh/CodeBuddy/20260227183322/backend/pkg/database/mysql.go:50
[0m[33m[0.296ms] [34;1m[rows:-][0m SELECT count(*) FROM INFORMATION_SCHEMA.table_constraints WHERE constraint_schema = 'elderly_fitness' AND table_name = 'comments' AND constraint_name = 'fk_comments_replies'

2026/04/13 11:58:33 [32m/Users/zmh/CodeBuddy/20260227183322/backend/pkg/database/mysql.go:50
[0m[33m[0.063ms] [34;1m[rows:-][0m SELECT DATABASE()

2026/04/13 11:58:33 [32m/Users/zmh/CodeBuddy/20260227183322/backend/pkg/database/mysql.go:50
[0m[33m[0.188ms] [34;1m[rows:1][0m SELECT SCHEMA_NAME from Information_schema.SCHEMATA where SCHEMA_NAME LIKE 'elderly_fitness%' ORDER BY SCHEMA_NAME='elderly_fitness' DESC,SCHEMA_NAME limit 1

2026/04/13 11:58:33 [32m/Users/zmh/CodeBuddy/20260227183322/backend/pkg/database/mysql.go:50
[0m[33m[0.277ms] [34;1m[rows:-][0m SELECT count(*) FROM INFORMATION_SCHEMA.table_constraints WHERE constraint_schema = 'elderly_fitness' AND table_name = 'comments' AND constraint_name = 'fk_comments_user'

2026/04/13 11:58:33 [32m/Users/zmh/CodeBuddy/20260227183322/backend/pkg/database/mysql.go:50
[0m[33m[0.054ms] [34;1m[rows:-][0m SELECT DATABASE()

2026/04/13 11:58:33 [32m/Users/zmh/CodeBuddy/20260227183322/backend/pkg/database/mysql.go:50
[0m[33m[0.186ms] [34;1m[rows:1][0m SELECT SCHEMA_NAME from Information_schema.SCHEMATA where SCHEMA_NAME LIKE 'elderly_fitness%' ORDER BY SCHEMA_NAME='elderly_fitness' DESC,SCHEMA_NAME limit 1

2026/04/13 11:58:33 [32m/Users/zmh/CodeBuddy/20260227183322/backend/pkg/database/mysql.go:50
[0m[33m[0.317ms] [34;1m[rows:-][0m SELECT count(*) FROM information_schema.statistics WHERE table_schema = 'elderly_fitness' AND table_name = 'comments' AND index_name = 'idx_comments_exercise_id'

2026/04/13 11:58:33 [32m/Users/zmh/CodeBuddy/20260227183322/backend/pkg/database/mysql.go:50
[0m[33m[0.054ms] [34;1m[rows:-][0m SELECT DATABASE()

2026/04/13 11:58:33 [32m/Users/zmh/CodeBuddy/20260227183322/backend/pkg/database/mysql.go:50
[0m[33m[0.201ms] [34;1m[rows:1][0m SELECT SCHEMA_NAME from Information_schema.SCHEMATA where SCHEMA_NAME LIKE 'elderly_fitness%' ORDER BY SCHEMA_NAME='elderly_fitness' DESC,SCHEMA_NAME limit 1

2026/04/13 11:58:33 [32m/Users/zmh/CodeBuddy/20260227183322/backend/pkg/database/mysql.go:50
[0m[33m[0.327ms] [34;1m[rows:-][0m SELECT count(*) FROM information_schema.statistics WHERE table_schema = 'elderly_fitness' AND table_name = 'comments' AND index_name = 'idx_comments_user_id'

2026/04/13 11:58:33 [32m/Users/zmh/CodeBuddy/20260227183322/backend/pkg/database/mysql.go:50
[0m[33m[0.085ms] [34;1m[rows:-][0m SELECT DATABASE()

2026/04/13 11:58:33 [32m/Users/zmh/CodeBuddy/20260227183322/backend/pkg/database/mysql.go:50
[0m[33m[0.207ms] [34;1m[rows:1][0m SELECT SCHEMA_NAME from Information_schema.SCHEMATA where SCHEMA_NAME LIKE 'elderly_fitness%' ORDER BY SCHEMA_NAME='elderly_fitness' DESC,SCHEMA_NAME limit 1

2026/04/13 11:58:33 [32m/Users/zmh/CodeBuddy/20260227183322/backend/pkg/database/mysql.go:50
[0m[33m[0.313ms] [34;1m[rows:-][0m SELECT count(*) FROM information_schema.statistics WHERE table_schema = 'elderly_fitness' AND table_name = 'comments' AND index_name = 'idx_comments_parent_id'

2026/04/13 11:58:33 [32m/Users/zmh/CodeBuddy/20260227183322/backend/pkg/database/mysql.go:50
[0m[33m[0.044ms] [34;1m[rows:-][0m SELECT DATABASE()

2026/04/13 11:58:33 [32m/Users/zmh/CodeBuddy/20260227183322/backend/pkg/database/mysql.go:50
[0m[33m[0.204ms] [34;1m[rows:1][0m SELECT SCHEMA_NAME from Information_schema.SCHEMATA where SCHEMA_NAME LIKE 'elderly_fitness%' ORDER BY SCHEMA_NAME='elderly_fitness' DESC,SCHEMA_NAME limit 1

2026/04/13 11:58:33 [32m/Users/zmh/CodeBuddy/20260227183322/backend/pkg/database/mysql.go:50
[0m[33m[0.362ms] [34;1m[rows:-][0m SELECT count(*) FROM information_schema.statistics WHERE table_schema = 'elderly_fitness' AND table_name = 'comments' AND index_name = 'idx_comments_deleted_at'

2026/04/13 11:58:33 [32m/Users/zmh/CodeBuddy/20260227183322/backend/pkg/database/mysql.go:50
[0m[33m[0.059ms] [34;1m[rows:-][0m SELECT DATABASE()

2026/04/13 11:58:33 [32m/Users/zmh/CodeBuddy/20260227183322/backend/pkg/database/mysql.go:50
[0m[33m[0.187ms] [34;1m[rows:1][0m SELECT SCHEMA_NAME from Information_schema.SCHEMATA where SCHEMA_NAME LIKE 'elderly_fitness%' ORDER BY SCHEMA_NAME='elderly_fitness' DESC,SCHEMA_NAME limit 1

2026/04/13 11:58:33 [32m/Users/zmh/CodeBuddy/20260227183322/backend/pkg/database/mysql.go:50
[0m[33m[0.529ms] [34;1m[rows:-][0m SELECT count(*) FROM information_schema.tables WHERE table_schema = 'elderly_fitness' AND table_name = 'comment_likes' AND table_type = 'BASE TABLE'

2026/04/13 11:58:33 [32m/Users/zmh/CodeBuddy/20260227183322/backend/pkg/database/mysql.go:50
[0m[33m[0.051ms] [34;1m[rows:-][0m SELECT DATABASE()

2026/04/13 11:58:33 [32m/Users/zmh/CodeBuddy/20260227183322/backend/pkg/database/mysql.go:50
[0m[33m[0.191ms] [34;1m[rows:1][0m SELECT SCHEMA_NAME from Information_schema.SCHEMATA where SCHEMA_NAME LIKE 'elderly_fitness%' ORDER BY SCHEMA_NAME='elderly_fitness' DESC,SCHEMA_NAME limit 1

2026/04/13 11:58:33 [32m/Users/zmh/CodeBuddy/20260227183322/backend/pkg/database/mysql.go:50
[0m[33m[0.654ms] [34;1m[rows:-][0m SELECT * FROM `comment_likes` LIMIT 1

2026/04/13 11:58:33 [32m/Users/zmh/CodeBuddy/20260227183322/backend/pkg/database/mysql.go:50
[0m[33m[0.612ms] [34;1m[rows:-][0m SELECT column_name, column_default, is_nullable = 'YES', data_type, character_maximum_length, column_type, column_key, extra, column_comment, numeric_precision, numeric_scale , datetime_precision FROM information_schema.columns WHERE table_schema = 'elderly_fitness' AND table_name = 'comment_likes' ORDER BY ORDINAL_POSITION

2026/04/13 11:58:33 [32m/Users/zmh/CodeBuddy/20260227183322/backend/pkg/database/mysql.go:50
[0m[33m[0.051ms] [34;1m[rows:-][0m SELECT DATABASE()

2026/04/13 11:58:33 [32m/Users/zmh/CodeBuddy/20260227183322/backend/pkg/database/mysql.go:50
[0m[33m[0.183ms] [34;1m[rows:1][0m SELECT SCHEMA_NAME from Information_schema.SCHEMATA where SCHEMA_NAME LIKE 'elderly_fitness%' ORDER BY SCHEMA_NAME='elderly_fitness' DESC,SCHEMA_NAME limit 1

2026/04/13 11:58:33 [32m/Users/zmh/CodeBuddy/20260227183322/backend/pkg/database/mysql.go:50
[0m[33m[0.309ms] [34;1m[rows:-][0m SELECT count(*) FROM information_schema.statistics WHERE table_schema = 'elderly_fitness' AND table_name = 'comment_likes' AND index_name = 'idx_comment_likes_comment_id'

2026/04/13 11:58:33 [32m/Users/zmh/CodeBuddy/20260227183322/backend/pkg/database/mysql.go:50
[0m[33m[0.040ms] [34;1m[rows:-][0m SELECT DATABASE()

2026/04/13 11:58:33 [32m/Users/zmh/CodeBuddy/20260227183322/backend/pkg/database/mysql.go:50
[0m[33m[0.176ms] [34;1m[rows:1][0m SELECT SCHEMA_NAME from Information_schema.SCHEMATA where SCHEMA_NAME LIKE 'elderly_fitness%' ORDER BY SCHEMA_NAME='elderly_fitness' DESC,SCHEMA_NAME limit 1

2026/04/13 11:58:33 [32m/Users/zmh/CodeBuddy/20260227183322/backend/pkg/database/mysql.go:50
[0m[33m[0.288ms] [34;1m[rows:-][0m SELECT count(*) FROM information_schema.statistics WHERE table_schema = 'elderly_fitness' AND table_name = 'comment_likes' AND index_name = 'idx_comment_likes_user_id'

2026/04/13 11:58:33 [32m/Users/zmh/CodeBuddy/20260227183322/backend/cmd/main.go:32
[0m[33m[0.088ms] [34;1m[rows:-][0m SELECT DATABASE()

2026/04/13 11:58:33 [32m/Users/zmh/CodeBuddy/20260227183322/backend/cmd/main.go:32
[0m[33m[0.233ms] [34;1m[rows:1][0m SELECT SCHEMA_NAME from Information_schema.SCHEMATA where SCHEMA_NAME LIKE 'elderly_fitness%' ORDER BY SCHEMA_NAME='elderly_fitness' DESC,SCHEMA_NAME limit 1

2026/04/13 11:58:33 [32m/Users/zmh/CodeBuddy/20260227183322/backend/cmd/main.go:32
[0m[33m[0.411ms] [34;1m[rows:-][0m SELECT count(*) FROM information_schema.tables WHERE table_schema = 'elderly_fitness' AND table_name = 'admins' AND table_type = 'BASE TABLE'

2026/04/13 11:58:33 [32m/Users/zmh/CodeBuddy/20260227183322/backend/cmd/main.go:32
[0m[33m[0.041ms] [34;1m[rows:-][0m SELECT DATABASE()

2026/04/13 11:58:33 [32m/Users/zmh/CodeBuddy/20260227183322/backend/cmd/main.go:32
[0m[33m[0.243ms] [34;1m[rows:1][0m SELECT SCHEMA_NAME from Information_schema.SCHEMATA where SCHEMA_NAME LIKE 'elderly_fitness%' ORDER BY SCHEMA_NAME='elderly_fitness' DESC,SCHEMA_NAME limit 1

2026/04/13 11:58:33 [32m/Users/zmh/CodeBuddy/20260227183322/backend/cmd/main.go:32
[0m[33m[0.534ms] [34;1m[rows:-][0m SELECT * FROM `admins` LIMIT 1

2026/04/13 11:58:33 [32m/Users/zmh/CodeBuddy/20260227183322/backend/cmd/main.go:32
[0m[33m[0.453ms] [34;1m[rows:-][0m SELECT column_name, column_default, is_nullable = 'YES', data_type, character_maximum_length, column_type, column_key, extra, column_comment, numeric_precision, numeric_scale , datetime_precision FROM information_schema.columns WHERE table_schema = 'elderly_fitness' AND table_name = 'admins' ORDER BY ORDINAL_POSITION

2026/04/13 11:58:33 [32m/Users/zmh/CodeBuddy/20260227183322/backend/cmd/main.go:32
[0m[33m[0.057ms] [34;1m[rows:-][0m SELECT DATABASE()

2026/04/13 11:58:33 [32m/Users/zmh/CodeBuddy/20260227183322/backend/cmd/main.go:32
[0m[33m[0.180ms] [34;1m[rows:1][0m SELECT SCHEMA_NAME from Information_schema.SCHEMATA where SCHEMA_NAME LIKE 'elderly_fitness%' ORDER BY SCHEMA_NAME='elderly_fitness' DESC,SCHEMA_NAME limit 1

2026/04/13 11:58:33 [32m/Users/zmh/CodeBuddy/20260227183322/backend/cmd/main.go:32
[0m[33m[0.327ms] [34;1m[rows:-][0m SELECT count(*) FROM information_schema.statistics WHERE table_schema = 'elderly_fitness' AND table_name = 'admins' AND index_name = 'idx_admins_username'

2026/04/13 11:58:33 [32m/Users/zmh/CodeBuddy/20260227183322/backend/cmd/main.go:32
[0m[33m[0.046ms] [34;1m[rows:-][0m SELECT DATABASE()

2026/04/13 11:58:33 [32m/Users/zmh/CodeBuddy/20260227183322/backend/cmd/main.go:32
[0m[33m[0.193ms] [34;1m[rows:1][0m SELECT SCHEMA_NAME from Information_schema.SCHEMATA where SCHEMA_NAME LIKE 'elderly_fitness%' ORDER BY SCHEMA_NAME='elderly_fitness' DESC,SCHEMA_NAME limit 1

2026/04/13 11:58:33 [32m/Users/zmh/CodeBuddy/20260227183322/backend/cmd/main.go:32
[0m[33m[0.329ms] [34;1m[rows:-][0m SELECT count(*) FROM information_schema.statistics WHERE table_schema = 'elderly_fitness' AND table_name = 'admins' AND index_name = 'idx_admins_deleted_at'

2026/04/13 11:58:33 [32m/Users/zmh/CodeBuddy/20260227183322/backend/cmd/main.go:32
[0m[33m[0.047ms] [34;1m[rows:-][0m SELECT DATABASE()

2026/04/13 11:58:33 [32m/Users/zmh/CodeBuddy/20260227183322/backend/cmd/main.go:32
[0m[33m[0.184ms] [34;1m[rows:1][0m SELECT SCHEMA_NAME from Information_schema.SCHEMATA where SCHEMA_NAME LIKE 'elderly_fitness%' ORDER BY SCHEMA_NAME='elderly_fitness' DESC,SCHEMA_NAME limit 1

2026/04/13 11:58:33 [32m/Users/zmh/CodeBuddy/20260227183322/backend/cmd/main.go:32
[0m[33m[0.736ms] [34;1m[rows:-][0m SELECT count(*) FROM information_schema.tables WHERE table_schema = 'elderly_fitness' AND table_name = 'users' AND table_type = 'BASE TABLE'

2026/04/13 11:58:33 [32m/Users/zmh/CodeBuddy/20260227183322/backend/cmd/main.go:32
[0m[33m[0.046ms] [34;1m[rows:-][0m SELECT DATABASE()

2026/04/13 11:58:33 [32m/Users/zmh/CodeBuddy/20260227183322/backend/cmd/main.go:32
[0m[33m[0.173ms] [34;1m[rows:1][0m SELECT SCHEMA_NAME from Information_schema.SCHEMATA where SCHEMA_NAME LIKE 'elderly_fitness%' ORDER BY SCHEMA_NAME='elderly_fitness' DESC,SCHEMA_NAME limit 1

2026/04/13 11:58:33 [32m/Users/zmh/CodeBuddy/20260227183322/backend/cmd/main.go:32
[0m[33m[0.082ms] [34;1m[rows:-][0m SELECT * FROM `users` LIMIT 1

2026/04/13 11:58:33 [32m/Users/zmh/CodeBuddy/20260227183322/backend/cmd/main.go:32
[0m[33m[0.494ms] [34;1m[rows:-][0m SELECT column_name, column_default, is_nullable = 'YES', data_type, character_maximum_length, column_type, column_key, extra, column_comment, numeric_precision, numeric_scale , datetime_precision FROM information_schema.columns WHERE table_schema = 'elderly_fitness' AND table_name = 'users' ORDER BY ORDINAL_POSITION

2026/04/13 11:58:33 [32m/Users/zmh/CodeBuddy/20260227183322/backend/cmd/main.go:32
[0m[33m[0.064ms] [34;1m[rows:-][0m SELECT DATABASE()

2026/04/13 11:58:33 [32m/Users/zmh/CodeBuddy/20260227183322/backend/cmd/main.go:32
[0m[33m[0.191ms] [34;1m[rows:1][0m SELECT SCHEMA_NAME from Information_schema.SCHEMATA where SCHEMA_NAME LIKE 'elderly_fitness%' ORDER BY SCHEMA_NAME='elderly_fitness' DESC,SCHEMA_NAME limit 1

2026/04/13 11:58:33 [32m/Users/zmh/CodeBuddy/20260227183322/backend/cmd/main.go:32
[0m[33m[0.356ms] [34;1m[rows:-][0m SELECT count(*) FROM information_schema.statistics WHERE table_schema = 'elderly_fitness' AND table_name = 'users' AND index_name = 'idx_users_deleted_at'

2026/04/13 11:58:33 [32m/Users/zmh/CodeBuddy/20260227183322/backend/cmd/main.go:32
[0m[33m[0.083ms] [34;1m[rows:-][0m SELECT DATABASE()

2026/04/13 11:58:33 [32m/Users/zmh/CodeBuddy/20260227183322/backend/cmd/main.go:32
[0m[33m[0.174ms] [34;1m[rows:1][0m SELECT SCHEMA_NAME from Information_schema.SCHEMATA where SCHEMA_NAME LIKE 'elderly_fitness%' ORDER BY SCHEMA_NAME='elderly_fitness' DESC,SCHEMA_NAME limit 1

2026/04/13 11:58:33 [32m/Users/zmh/CodeBuddy/20260227183322/backend/cmd/main.go:32
[0m[33m[0.323ms] [34;1m[rows:-][0m SELECT count(*) FROM information_schema.statistics WHERE table_schema = 'elderly_fitness' AND table_name = 'users' AND index_name = 'idx_users_open_id'

2026/04/13 11:58:33 [32m/Users/zmh/CodeBuddy/20260227183322/backend/cmd/main.go:32
[0m[33m[0.043ms] [34;1m[rows:-][0m SELECT DATABASE()

2026/04/13 11:58:33 [32m/Users/zmh/CodeBuddy/20260227183322/backend/cmd/main.go:32
[0m[33m[0.171ms] [34;1m[rows:1][0m SELECT SCHEMA_NAME from Information_schema.SCHEMATA where SCHEMA_NAME LIKE 'elderly_fitness%' ORDER BY SCHEMA_NAME='elderly_fitness' DESC,SCHEMA_NAME limit 1

2026/04/13 11:58:33 [32m/Users/zmh/CodeBuddy/20260227183322/backend/cmd/main.go:32
[0m[33m[0.302ms] [34;1m[rows:-][0m SELECT count(*) FROM information_schema.statistics WHERE table_schema = 'elderly_fitness' AND table_name = 'users' AND index_name = 'idx_users_phone'

2026/04/13 11:58:33 [32m/Users/zmh/CodeBuddy/20260227183322/backend/cmd/main.go:32
[0m[33m[0.035ms] [34;1m[rows:-][0m SELECT DATABASE()

2026/04/13 11:58:33 [32m/Users/zmh/CodeBuddy/20260227183322/backend/cmd/main.go:32
[0m[33m[0.222ms] [34;1m[rows:1][0m SELECT SCHEMA_NAME from Information_schema.SCHEMATA where SCHEMA_NAME LIKE 'elderly_fitness%' ORDER BY SCHEMA_NAME='elderly_fitness' DESC,SCHEMA_NAME limit 1

2026/04/13 11:58:33 [32m/Users/zmh/CodeBuddy/20260227183322/backend/cmd/main.go:32
[0m[33m[0.354ms] [34;1m[rows:-][0m SELECT count(*) FROM information_schema.tables WHERE table_schema = 'elderly_fitness' AND table_name = 'muscle_groups' AND table_type = 'BASE TABLE'

2026/04/13 11:58:33 [32m/Users/zmh/CodeBuddy/20260227183322/backend/cmd/main.go:32
[0m[33m[0.050ms] [34;1m[rows:-][0m SELECT DATABASE()

2026/04/13 11:58:33 [32m/Users/zmh/CodeBuddy/20260227183322/backend/cmd/main.go:32
[0m[33m[0.181ms] [34;1m[rows:1][0m SELECT SCHEMA_NAME from Information_schema.SCHEMATA where SCHEMA_NAME LIKE 'elderly_fitness%' ORDER BY SCHEMA_NAME='elderly_fitness' DESC,SCHEMA_NAME limit 1

2026/04/13 11:58:33 [32m/Users/zmh/CodeBuddy/20260227183322/backend/cmd/main.go:32
[0m[33m[0.078ms] [34;1m[rows:-][0m SELECT * FROM `muscle_groups` LIMIT 1

2026/04/13 11:58:33 [32m/Users/zmh/CodeBuddy/20260227183322/backend/cmd/main.go:32
[0m[33m[0.448ms] [34;1m[rows:-][0m SELECT column_name, column_default, is_nullable = 'YES', data_type, character_maximum_length, column_type, column_key, extra, column_comment, numeric_precision, numeric_scale , datetime_precision FROM information_schema.columns WHERE table_schema = 'elderly_fitness' AND table_name = 'muscle_groups' ORDER BY ORDINAL_POSITION

2026/04/13 11:58:33 [32m/Users/zmh/CodeBuddy/20260227183322/backend/cmd/main.go:32
[0m[33m[0.046ms] [34;1m[rows:-][0m SELECT DATABASE()

2026/04/13 11:58:33 [32m/Users/zmh/CodeBuddy/20260227183322/backend/cmd/main.go:32
[0m[33m[0.190ms] [34;1m[rows:1][0m SELECT SCHEMA_NAME from Information_schema.SCHEMATA where SCHEMA_NAME LIKE 'elderly_fitness%' ORDER BY SCHEMA_NAME='elderly_fitness' DESC,SCHEMA_NAME limit 1

2026/04/13 11:58:33 [32m/Users/zmh/CodeBuddy/20260227183322/backend/cmd/main.go:32
[0m[33m[0.296ms] [34;1m[rows:-][0m SELECT count(*) FROM information_schema.statistics WHERE table_schema = 'elderly_fitness' AND table_name = 'muscle_groups' AND index_name = 'idx_muscle_groups_deleted_at'

2026/04/13 11:58:33 [32m/Users/zmh/CodeBuddy/20260227183322/backend/cmd/main.go:32
[0m[33m[0.046ms] [34;1m[rows:-][0m SELECT DATABASE()

2026/04/13 11:58:33 [32m/Users/zmh/CodeBuddy/20260227183322/backend/cmd/main.go:32
[0m[33m[0.201ms] [34;1m[rows:1][0m SELECT SCHEMA_NAME from Information_schema.SCHEMATA where SCHEMA_NAME LIKE 'elderly_fitness%' ORDER BY SCHEMA_NAME='elderly_fitness' DESC,SCHEMA_NAME limit 1

2026/04/13 11:58:33 [32m/Users/zmh/CodeBuddy/20260227183322/backend/cmd/main.go:32
[0m[33m[0.340ms] [34;1m[rows:-][0m SELECT count(*) FROM information_schema.tables WHERE table_schema = 'elderly_fitness' AND table_name = 'exercises' AND table_type = 'BASE TABLE'

2026/04/13 11:58:33 [32m/Users/zmh/CodeBuddy/20260227183322/backend/cmd/main.go:32
[0m[33m[0.049ms] [34;1m[rows:-][0m SELECT DATABASE()

2026/04/13 11:58:33 [32m/Users/zmh/CodeBuddy/20260227183322/backend/cmd/main.go:32
[0m[33m[0.180ms] [34;1m[rows:1][0m SELECT SCHEMA_NAME from Information_schema.SCHEMATA where SCHEMA_NAME LIKE 'elderly_fitness%' ORDER BY SCHEMA_NAME='elderly_fitness' DESC,SCHEMA_NAME limit 1

2026/04/13 11:58:33 [32m/Users/zmh/CodeBuddy/20260227183322/backend/cmd/main.go:32
[0m[33m[0.081ms] [34;1m[rows:-][0m SELECT * FROM `exercises` LIMIT 1

2026/04/13 11:58:33 [32m/Users/zmh/CodeBuddy/20260227183322/backend/cmd/main.go:32
[0m[33m[0.464ms] [34;1m[rows:-][0m SELECT column_name, column_default, is_nullable = 'YES', data_type, character_maximum_length, column_type, column_key, extra, column_comment, numeric_precision, numeric_scale , datetime_precision FROM information_schema.columns WHERE table_schema = 'elderly_fitness' AND table_name = 'exercises' ORDER BY ORDINAL_POSITION

2026/04/13 11:58:33 [32m/Users/zmh/CodeBuddy/20260227183322/backend/cmd/main.go:32
[0m[33m[0.054ms] [34;1m[rows:-][0m SELECT DATABASE()

2026/04/13 11:58:33 [32m/Users/zmh/CodeBuddy/20260227183322/backend/cmd/main.go:32
[0m[33m[0.187ms] [34;1m[rows:1][0m SELECT SCHEMA_NAME from Information_schema.SCHEMATA where SCHEMA_NAME LIKE 'elderly_fitness%' ORDER BY SCHEMA_NAME='elderly_fitness' DESC,SCHEMA_NAME limit 1

2026/04/13 11:58:33 [32m/Users/zmh/CodeBuddy/20260227183322/backend/cmd/main.go:32
[0m[33m[0.308ms] [34;1m[rows:-][0m SELECT count(*) FROM INFORMATION_SCHEMA.table_constraints WHERE constraint_schema = 'elderly_fitness' AND table_name = 'exercises' AND constraint_name = 'fk_muscle_groups_exercises'

2026/04/13 11:58:33 [32m/Users/zmh/CodeBuddy/20260227183322/backend/cmd/main.go:32
[0m[33m[0.044ms] [34;1m[rows:-][0m SELECT DATABASE()

2026/04/13 11:58:33 [32m/Users/zmh/CodeBuddy/20260227183322/backend/cmd/main.go:32
[0m[33m[0.178ms] [34;1m[rows:1][0m SELECT SCHEMA_NAME from Information_schema.SCHEMATA where SCHEMA_NAME LIKE 'elderly_fitness%' ORDER BY SCHEMA_NAME='elderly_fitness' DESC,SCHEMA_NAME limit 1

2026/04/13 11:58:33 [32m/Users/zmh/CodeBuddy/20260227183322/backend/cmd/main.go:32
[0m[33m[0.301ms] [34;1m[rows:-][0m SELECT count(*) FROM information_schema.statistics WHERE table_schema = 'elderly_fitness' AND table_name = 'exercises' AND index_name = 'idx_exercises_muscle_group_id'

2026/04/13 11:58:33 [32m/Users/zmh/CodeBuddy/20260227183322/backend/cmd/main.go:32
[0m[33m[0.057ms] [34;1m[rows:-][0m SELECT DATABASE()

2026/04/13 11:58:33 [32m/Users/zmh/CodeBuddy/20260227183322/backend/cmd/main.go:32
[0m[33m[0.189ms] [34;1m[rows:1][0m SELECT SCHEMA_NAME from Information_schema.SCHEMATA where SCHEMA_NAME LIKE 'elderly_fitness%' ORDER BY SCHEMA_NAME='elderly_fitness' DESC,SCHEMA_NAME limit 1

2026/04/13 11:58:33 [32m/Users/zmh/CodeBuddy/20260227183322/backend/cmd/main.go:32
[0m[33m[0.300ms] [34;1m[rows:-][0m SELECT count(*) FROM information_schema.statistics WHERE table_schema = 'elderly_fitness' AND table_name = 'exercises' AND index_name = 'idx_exercises_deleted_at'

2026/04/13 11:58:33 [32m/Users/zmh/CodeBuddy/20260227183322/backend/cmd/main.go:32
[0m[33m[0.047ms] [34;1m[rows:-][0m SELECT DATABASE()

2026/04/13 11:58:33 [32m/Users/zmh/CodeBuddy/20260227183322/backend/cmd/main.go:32
[0m[33m[0.371ms] [34;1m[rows:1][0m SELECT SCHEMA_NAME from Information_schema.SCHEMATA where SCHEMA_NAME LIKE 'elderly_fitness%' ORDER BY SCHEMA_NAME='elderly_fitness' DESC,SCHEMA_NAME limit 1

2026/04/13 11:58:33 [32m/Users/zmh/CodeBuddy/20260227183322/backend/cmd/main.go:32
[0m[33m[0.332ms] [34;1m[rows:-][0m SELECT count(*) FROM information_schema.tables WHERE table_schema = 'elderly_fitness' AND table_name = 'exercise_steps' AND table_type = 'BASE TABLE'

2026/04/13 11:58:33 [32m/Users/zmh/CodeBuddy/20260227183322/backend/cmd/main.go:32
[0m[33m[0.053ms] [34;1m[rows:-][0m SELECT DATABASE()

2026/04/13 11:58:33 [32m/Users/zmh/CodeBuddy/20260227183322/backend/cmd/main.go:32
[0m[33m[0.207ms] [34;1m[rows:1][0m SELECT SCHEMA_NAME from Information_schema.SCHEMATA where SCHEMA_NAME LIKE 'elderly_fitness%' ORDER BY SCHEMA_NAME='elderly_fitness' DESC,SCHEMA_NAME limit 1

2026/04/13 11:58:33 [32m/Users/zmh/CodeBuddy/20260227183322/backend/cmd/main.go:32
[0m[33m[0.077ms] [34;1m[rows:-][0m SELECT * FROM `exercise_steps` LIMIT 1

2026/04/13 11:58:33 [32m/Users/zmh/CodeBuddy/20260227183322/backend/cmd/main.go:32
[0m[33m[0.395ms] [34;1m[rows:-][0m SELECT column_name, column_default, is_nullable = 'YES', data_type, character_maximum_length, column_type, column_key, extra, column_comment, numeric_precision, numeric_scale , datetime_precision FROM information_schema.columns WHERE table_schema = 'elderly_fitness' AND table_name = 'exercise_steps' ORDER BY ORDINAL_POSITION

2026/04/13 11:58:33 [32m/Users/zmh/CodeBuddy/20260227183322/backend/cmd/main.go:32
[0m[33m[0.056ms] [34;1m[rows:-][0m SELECT DATABASE()

2026/04/13 11:58:33 [32m/Users/zmh/CodeBuddy/20260227183322/backend/cmd/main.go:32
[0m[33m[0.217ms] [34;1m[rows:1][0m SELECT SCHEMA_NAME from Information_schema.SCHEMATA where SCHEMA_NAME LIKE 'elderly_fitness%' ORDER BY SCHEMA_NAME='elderly_fitness' DESC,SCHEMA_NAME limit 1

2026/04/13 11:58:33 [32m/Users/zmh/CodeBuddy/20260227183322/backend/cmd/main.go:32
[0m[33m[0.267ms] [34;1m[rows:-][0m SELECT count(*) FROM INFORMATION_SCHEMA.table_constraints WHERE constraint_schema = 'elderly_fitness' AND table_name = 'exercise_steps' AND constraint_name = 'fk_exercises_steps'

2026/04/13 11:58:33 [32m/Users/zmh/CodeBuddy/20260227183322/backend/cmd/main.go:32
[0m[33m[0.112ms] [34;1m[rows:-][0m SELECT DATABASE()

2026/04/13 11:58:33 [32m/Users/zmh/CodeBuddy/20260227183322/backend/cmd/main.go:32
[0m[33m[0.172ms] [34;1m[rows:1][0m SELECT SCHEMA_NAME from Information_schema.SCHEMATA where SCHEMA_NAME LIKE 'elderly_fitness%' ORDER BY SCHEMA_NAME='elderly_fitness' DESC,SCHEMA_NAME limit 1

2026/04/13 11:58:33 [32m/Users/zmh/CodeBuddy/20260227183322/backend/cmd/main.go:32
[0m[33m[0.283ms] [34;1m[rows:-][0m SELECT count(*) FROM information_schema.statistics WHERE table_schema = 'elderly_fitness' AND table_name = 'exercise_steps' AND index_name = 'idx_exercise_steps_exercise_id'

2026/04/13 11:58:33 [32m/Users/zmh/CodeBuddy/20260227183322/backend/cmd/main.go:32
[0m[33m[0.043ms] [34;1m[rows:-][0m SELECT DATABASE()

2026/04/13 11:58:33 [32m/Users/zmh/CodeBuddy/20260227183322/backend/cmd/main.go:32
[0m[33m[0.189ms] [34;1m[rows:1][0m SELECT SCHEMA_NAME from Information_schema.SCHEMATA where SCHEMA_NAME LIKE 'elderly_fitness%' ORDER BY SCHEMA_NAME='elderly_fitness' DESC,SCHEMA_NAME limit 1

2026/04/13 11:58:33 [32m/Users/zmh/CodeBuddy/20260227183322/backend/cmd/main.go:32
[0m[33m[0.354ms] [34;1m[rows:-][0m SELECT count(*) FROM information_schema.statistics WHERE table_schema = 'elderly_fitness' AND table_name = 'exercise_steps' AND index_name = 'idx_exercise_steps_deleted_at'

2026/04/13 11:58:33 [32m/Users/zmh/CodeBuddy/20260227183322/backend/cmd/main.go:32
[0m[33m[0.041ms] [34;1m[rows:-][0m SELECT DATABASE()

2026/04/13 11:58:33 [32m/Users/zmh/CodeBuddy/20260227183322/backend/cmd/main.go:32
[0m[33m[0.261ms] [34;1m[rows:1][0m SELECT SCHEMA_NAME from Information_schema.SCHEMATA where SCHEMA_NAME LIKE 'elderly_fitness%' ORDER BY SCHEMA_NAME='elderly_fitness' DESC,SCHEMA_NAME limit 1

2026/04/13 11:58:33 [32m/Users/zmh/CodeBuddy/20260227183322/backend/cmd/main.go:32
[0m[33m[0.314ms] [34;1m[rows:-][0m SELECT count(*) FROM information_schema.tables WHERE table_schema = 'elderly_fitness' AND table_name = 'user_exercise_records' AND table_type = 'BASE TABLE'

2026/04/13 11:58:33 [32m/Users/zmh/CodeBuddy/20260227183322/backend/cmd/main.go:32
[0m[33m[0.040ms] [34;1m[rows:-][0m SELECT DATABASE()

2026/04/13 11:58:33 [32m/Users/zmh/CodeBuddy/20260227183322/backend/cmd/main.go:32
[0m[33m[0.164ms] [34;1m[rows:1][0m SELECT SCHEMA_NAME from Information_schema.SCHEMATA where SCHEMA_NAME LIKE 'elderly_fitness%' ORDER BY SCHEMA_NAME='elderly_fitness' DESC,SCHEMA_NAME limit 1

2026/04/13 11:58:33 [32m/Users/zmh/CodeBuddy/20260227183322/backend/cmd/main.go:32
[0m[33m[0.066ms] [34;1m[rows:-][0m SELECT * FROM `user_exercise_records` LIMIT 1

2026/04/13 11:58:33 [32m/Users/zmh/CodeBuddy/20260227183322/backend/cmd/main.go:32
[0m[33m[0.380ms] [34;1m[rows:-][0m SELECT column_name, column_default, is_nullable = 'YES', data_type, character_maximum_length, column_type, column_key, extra, column_comment, numeric_precision, numeric_scale , datetime_precision FROM information_schema.columns WHERE table_schema = 'elderly_fitness' AND table_name = 'user_exercise_records' ORDER BY ORDINAL_POSITION

2026/04/13 11:58:33 [32m/Users/zmh/CodeBuddy/20260227183322/backend/cmd/main.go:32
[0m[33m[0.093ms] [34;1m[rows:-][0m SELECT DATABASE()

2026/04/13 11:58:33 [32m/Users/zmh/CodeBuddy/20260227183322/backend/cmd/main.go:32
[0m[33m[0.339ms] [34;1m[rows:1][0m SELECT SCHEMA_NAME from Information_schema.SCHEMATA where SCHEMA_NAME LIKE 'elderly_fitness%' ORDER BY SCHEMA_NAME='elderly_fitness' DESC,SCHEMA_NAME limit 1

2026/04/13 11:58:33 [32m/Users/zmh/CodeBuddy/20260227183322/backend/cmd/main.go:32
[0m[33m[0.300ms] [34;1m[rows:-][0m SELECT count(*) FROM INFORMATION_SCHEMA.table_constraints WHERE constraint_schema = 'elderly_fitness' AND table_name = 'user_exercise_records' AND constraint_name = 'fk_user_exercise_records_user'

2026/04/13 11:58:33 [32m/Users/zmh/CodeBuddy/20260227183322/backend/cmd/main.go:32
[0m[33m[0.054ms] [34;1m[rows:-][0m SELECT DATABASE()

2026/04/13 11:58:33 [32m/Users/zmh/CodeBuddy/20260227183322/backend/cmd/main.go:32
[0m[33m[0.203ms] [34;1m[rows:1][0m SELECT SCHEMA_NAME from Information_schema.SCHEMATA where SCHEMA_NAME LIKE 'elderly_fitness%' ORDER BY SCHEMA_NAME='elderly_fitness' DESC,SCHEMA_NAME limit 1

2026/04/13 11:58:33 [32m/Users/zmh/CodeBuddy/20260227183322/backend/cmd/main.go:32
[0m[33m[0.258ms] [34;1m[rows:-][0m SELECT count(*) FROM INFORMATION_SCHEMA.table_constraints WHERE constraint_schema = 'elderly_fitness' AND table_name = 'user_exercise_records' AND constraint_name = 'fk_user_exercise_records_exercise'

2026/04/13 11:58:33 [32m/Users/zmh/CodeBuddy/20260227183322/backend/cmd/main.go:32
[0m[33m[0.039ms] [34;1m[rows:-][0m SELECT DATABASE()

2026/04/13 11:58:33 [32m/Users/zmh/CodeBuddy/20260227183322/backend/cmd/main.go:32
[0m[33m[0.163ms] [34;1m[rows:1][0m SELECT SCHEMA_NAME from Information_schema.SCHEMATA where SCHEMA_NAME LIKE 'elderly_fitness%' ORDER BY SCHEMA_NAME='elderly_fitness' DESC,SCHEMA_NAME limit 1

2026/04/13 11:58:33 [32m/Users/zmh/CodeBuddy/20260227183322/backend/cmd/main.go:32
[0m[33m[0.287ms] [34;1m[rows:-][0m SELECT count(*) FROM information_schema.statistics WHERE table_schema = 'elderly_fitness' AND table_name = 'user_exercise_records' AND index_name = 'idx_user_exercise_records_deleted_at'

2026/04/13 11:58:33 [32m/Users/zmh/CodeBuddy/20260227183322/backend/cmd/main.go:32
[0m[33m[0.049ms] [34;1m[rows:-][0m SELECT DATABASE()

2026/04/13 11:58:33 [32m/Users/zmh/CodeBuddy/20260227183322/backend/cmd/main.go:32
[0m[33m[0.177ms] [34;1m[rows:1][0m SELECT SCHEMA_NAME from Information_schema.SCHEMATA where SCHEMA_NAME LIKE 'elderly_fitness%' ORDER BY SCHEMA_NAME='elderly_fitness' DESC,SCHEMA_NAME limit 1

2026/04/13 11:58:33 [32m/Users/zmh/CodeBuddy/20260227183322/backend/cmd/main.go:32
[0m[33m[0.279ms] [34;1m[rows:-][0m SELECT count(*) FROM information_schema.statistics WHERE table_schema = 'elderly_fitness' AND table_name = 'user_exercise_records' AND index_name = 'idx_user_exercise_records_user_id'

2026/04/13 11:58:33 [32m/Users/zmh/CodeBuddy/20260227183322/backend/cmd/main.go:32
[0m[33m[0.070ms] [34;1m[rows:-][0m SELECT DATABASE()

2026/04/13 11:58:33 [32m/Users/zmh/CodeBuddy/20260227183322/backend/cmd/main.go:32
[0m[33m[0.155ms] [34;1m[rows:1][0m SELECT SCHEMA_NAME from Information_schema.SCHEMATA where SCHEMA_NAME LIKE 'elderly_fitness%' ORDER BY SCHEMA_NAME='elderly_fitness' DESC,SCHEMA_NAME limit 1

2026/04/13 11:58:33 [32m/Users/zmh/CodeBuddy/20260227183322/backend/cmd/main.go:32
[0m[33m[0.265ms] [34;1m[rows:-][0m SELECT count(*) FROM information_schema.statistics WHERE table_schema = 'elderly_fitness' AND table_name = 'user_exercise_records' AND index_name = 'idx_user_exercise_records_exercise_id'

2026/04/13 11:58:33 [32m/Users/zmh/CodeBuddy/20260227183322/backend/cmd/main.go:32
[0m[33m[0.036ms] [34;1m[rows:-][0m SELECT DATABASE()

2026/04/13 11:58:33 [32m/Users/zmh/CodeBuddy/20260227183322/backend/cmd/main.go:32
[0m[33m[0.154ms] [34;1m[rows:1][0m SELECT SCHEMA_NAME from Information_schema.SCHEMATA where SCHEMA_NAME LIKE 'elderly_fitness%' ORDER BY SCHEMA_NAME='elderly_fitness' DESC,SCHEMA_NAME limit 1

2026/04/13 11:58:33 [32m/Users/zmh/CodeBuddy/20260227183322/backend/cmd/main.go:32
[0m[33m[0.346ms] [34;1m[rows:-][0m SELECT count(*) FROM information_schema.tables WHERE table_schema = 'elderly_fitness' AND table_name = 'user_daily_stats' AND table_type = 'BASE TABLE'

2026/04/13 11:58:33 [32m/Users/zmh/CodeBuddy/20260227183322/backend/cmd/main.go:32
[0m[33m[0.043ms] [34;1m[rows:-][0m SELECT DATABASE()

2026/04/13 11:58:33 [32m/Users/zmh/CodeBuddy/20260227183322/backend/cmd/main.go:32
[0m[33m[0.161ms] [34;1m[rows:1][0m SELECT SCHEMA_NAME from Information_schema.SCHEMATA where SCHEMA_NAME LIKE 'elderly_fitness%' ORDER BY SCHEMA_NAME='elderly_fitness' DESC,SCHEMA_NAME limit 1

2026/04/13 11:58:33 [32m/Users/zmh/CodeBuddy/20260227183322/backend/cmd/main.go:32
[0m[33m[0.066ms] [34;1m[rows:-][0m SELECT * FROM `user_daily_stats` LIMIT 1

2026/04/13 11:58:33 [32m/Users/zmh/CodeBuddy/20260227183322/backend/cmd/main.go:32
[0m[33m[0.445ms] [34;1m[rows:-][0m SELECT column_name, column_default, is_nullable = 'YES', data_type, character_maximum_length, column_type, column_key, extra, column_comment, numeric_precision, numeric_scale , datetime_precision FROM information_schema.columns WHERE table_schema = 'elderly_fitness' AND table_name = 'user_daily_stats' ORDER BY ORDINAL_POSITION

2026/04/13 11:58:33 [32m/Users/zmh/CodeBuddy/20260227183322/backend/cmd/main.go:32
[0m[33m[0.043ms] [34;1m[rows:-][0m SELECT DATABASE()

2026/04/13 11:58:33 [32m/Users/zmh/CodeBuddy/20260227183322/backend/cmd/main.go:32
[0m[33m[0.167ms] [34;1m[rows:1][0m SELECT SCHEMA_NAME from Information_schema.SCHEMATA where SCHEMA_NAME LIKE 'elderly_fitness%' ORDER BY SCHEMA_NAME='elderly_fitness' DESC,SCHEMA_NAME limit 1

2026/04/13 11:58:33 [32m/Users/zmh/CodeBuddy/20260227183322/backend/cmd/main.go:32
[0m[33m[0.267ms] [34;1m[rows:-][0m SELECT count(*) FROM INFORMATION_SCHEMA.table_constraints WHERE constraint_schema = 'elderly_fitness' AND table_name = 'user_daily_stats' AND constraint_name = 'fk_user_daily_stats_user'

2026/04/13 11:58:33 [32m/Users/zmh/CodeBuddy/20260227183322/backend/cmd/main.go:32
[0m[33m[0.052ms] [34;1m[rows:-][0m SELECT DATABASE()

2026/04/13 11:58:33 [32m/Users/zmh/CodeBuddy/20260227183322/backend/cmd/main.go:32
[0m[33m[0.236ms] [34;1m[rows:1][0m SELECT SCHEMA_NAME from Information_schema.SCHEMATA where SCHEMA_NAME LIKE 'elderly_fitness%' ORDER BY SCHEMA_NAME='elderly_fitness' DESC,SCHEMA_NAME limit 1

2026/04/13 11:58:33 [32m/Users/zmh/CodeBuddy/20260227183322/backend/cmd/main.go:32
[0m[33m[0.394ms] [34;1m[rows:-][0m SELECT count(*) FROM information_schema.statistics WHERE table_schema = 'elderly_fitness' AND table_name = 'user_daily_stats' AND index_name = 'idx_user_date'

2026/04/13 11:58:33 [32m/Users/zmh/CodeBuddy/20260227183322/backend/cmd/main.go:32
[0m[33m[0.095ms] [34;1m[rows:-][0m SELECT DATABASE()

2026/04/13 11:58:33 [32m/Users/zmh/CodeBuddy/20260227183322/backend/cmd/main.go:32
[0m[33m[0.216ms] [34;1m[rows:1][0m SELECT SCHEMA_NAME from Information_schema.SCHEMATA where SCHEMA_NAME LIKE 'elderly_fitness%' ORDER BY SCHEMA_NAME='elderly_fitness' DESC,SCHEMA_NAME limit 1

2026/04/13 11:58:33 [32m/Users/zmh/CodeBuddy/20260227183322/backend/cmd/main.go:32
[0m[33m[0.297ms] [34;1m[rows:-][0m SELECT count(*) FROM information_schema.statistics WHERE table_schema = 'elderly_fitness' AND table_name = 'user_daily_stats' AND index_name = 'idx_user_daily_stats_deleted_at'

2026/04/13 11:58:33 [32m/Users/zmh/CodeBuddy/20260227183322/backend/cmd/main.go:32
[0m[33m[0.057ms] [34;1m[rows:-][0m SELECT DATABASE()

2026/04/13 11:58:33 [32m/Users/zmh/CodeBuddy/20260227183322/backend/cmd/main.go:32
[0m[33m[0.268ms] [34;1m[rows:1][0m SELECT SCHEMA_NAME from Information_schema.SCHEMATA where SCHEMA_NAME LIKE 'elderly_fitness%' ORDER BY SCHEMA_NAME='elderly_fitness' DESC,SCHEMA_NAME limit 1

2026/04/13 11:58:33 [32m/Users/zmh/CodeBuddy/20260227183322/backend/cmd/main.go:32
[0m[33m[0.327ms] [34;1m[rows:-][0m SELECT count(*) FROM information_schema.tables WHERE table_schema = 'elderly_fitness' AND table_name = 'comments' AND table_type = 'BASE TABLE'

2026/04/13 11:58:33 [32m/Users/zmh/CodeBuddy/20260227183322/backend/cmd/main.go:32
[0m[33m[0.094ms] [34;1m[rows:-][0m SELECT DATABASE()

2026/04/13 11:58:33 [32m/Users/zmh/CodeBuddy/20260227183322/backend/cmd/main.go:32
[0m[33m[0.176ms] [34;1m[rows:1][0m SELECT SCHEMA_NAME from Information_schema.SCHEMATA where SCHEMA_NAME LIKE 'elderly_fitness%' ORDER BY SCHEMA_NAME='elderly_fitness' DESC,SCHEMA_NAME limit 1

2026/04/13 11:58:33 [32m/Users/zmh/CodeBuddy/20260227183322/backend/cmd/main.go:32
[0m[33m[0.080ms] [34;1m[rows:-][0m SELECT * FROM `comments` LIMIT 1

2026/04/13 11:58:33 [32m/Users/zmh/CodeBuddy/20260227183322/backend/cmd/main.go:32
[0m[33m[0.413ms] [34;1m[rows:-][0m SELECT column_name, column_default, is_nullable = 'YES', data_type, character_maximum_length, column_type, column_key, extra, column_comment, numeric_precision, numeric_scale , datetime_precision FROM information_schema.columns WHERE table_schema = 'elderly_fitness' AND table_name = 'comments' ORDER BY ORDINAL_POSITION

2026/04/13 11:58:33 [32m/Users/zmh/CodeBuddy/20260227183322/backend/cmd/main.go:32
[0m[33m[0.055ms] [34;1m[rows:-][0m SELECT DATABASE()

2026/04/13 11:58:33 [32m/Users/zmh/CodeBuddy/20260227183322/backend/cmd/main.go:32
[0m[33m[0.190ms] [34;1m[rows:1][0m SELECT SCHEMA_NAME from Information_schema.SCHEMATA where SCHEMA_NAME LIKE 'elderly_fitness%' ORDER BY SCHEMA_NAME='elderly_fitness' DESC,SCHEMA_NAME limit 1

2026/04/13 11:58:33 [32m/Users/zmh/CodeBuddy/20260227183322/backend/cmd/main.go:32
[0m[33m[0.314ms] [34;1m[rows:-][0m SELECT count(*) FROM INFORMATION_SCHEMA.table_constraints WHERE constraint_schema = 'elderly_fitness' AND table_name = 'comments' AND constraint_name = 'fk_comments_user'

2026/04/13 11:58:33 [32m/Users/zmh/CodeBuddy/20260227183322/backend/cmd/main.go:32
[0m[33m[0.057ms] [34;1m[rows:-][0m SELECT DATABASE()

2026/04/13 11:58:33 [32m/Users/zmh/CodeBuddy/20260227183322/backend/cmd/main.go:32
[0m[33m[0.162ms] [34;1m[rows:1][0m SELECT SCHEMA_NAME from Information_schema.SCHEMATA where SCHEMA_NAME LIKE 'elderly_fitness%' ORDER BY SCHEMA_NAME='elderly_fitness' DESC,SCHEMA_NAME limit 1

2026/04/13 11:58:33 [32m/Users/zmh/CodeBuddy/20260227183322/backend/cmd/main.go:32
[0m[33m[0.409ms] [34;1m[rows:-][0m SELECT count(*) FROM INFORMATION_SCHEMA.table_constraints WHERE constraint_schema = 'elderly_fitness' AND table_name = 'comments' AND constraint_name = 'fk_comments_exercise'

2026/04/13 11:58:33 [32m/Users/zmh/CodeBuddy/20260227183322/backend/cmd/main.go:32
[0m[33m[0.030ms] [34;1m[rows:-][0m SELECT DATABASE()

2026/04/13 11:58:33 [32m/Users/zmh/CodeBuddy/20260227183322/backend/cmd/main.go:32
[0m[33m[0.147ms] [34;1m[rows:1][0m SELECT SCHEMA_NAME from Information_schema.SCHEMATA where SCHEMA_NAME LIKE 'elderly_fitness%' ORDER BY SCHEMA_NAME='elderly_fitness' DESC,SCHEMA_NAME limit 1

2026/04/13 11:58:33 [32m/Users/zmh/CodeBuddy/20260227183322/backend/cmd/main.go:32
[0m[33m[0.235ms] [34;1m[rows:-][0m SELECT count(*) FROM INFORMATION_SCHEMA.table_constraints WHERE constraint_schema = 'elderly_fitness' AND table_name = 'comments' AND constraint_name = 'fk_comments_replies'

2026/04/13 11:58:33 [32m/Users/zmh/CodeBuddy/20260227183322/backend/cmd/main.go:32
[0m[33m[0.031ms] [34;1m[rows:-][0m SELECT DATABASE()

2026/04/13 11:58:33 [32m/Users/zmh/CodeBuddy/20260227183322/backend/cmd/main.go:32
[0m[33m[0.135ms] [34;1m[rows:1][0m SELECT SCHEMA_NAME from Information_schema.SCHEMATA where SCHEMA_NAME LIKE 'elderly_fitness%' ORDER BY SCHEMA_NAME='elderly_fitness' DESC,SCHEMA_NAME limit 1

2026/04/13 11:58:33 [32m/Users/zmh/CodeBuddy/20260227183322/backend/cmd/main.go:32
[0m[33m[0.247ms] [34;1m[rows:-][0m SELECT count(*) FROM information_schema.statistics WHERE table_schema = 'elderly_fitness' AND table_name = 'comments' AND index_name = 'idx_comments_parent_id'

2026/04/13 11:58:33 [32m/Users/zmh/CodeBuddy/20260227183322/backend/cmd/main.go:32
[0m[33m[0.037ms] [34;1m[rows:-][0m SELECT DATABASE()

2026/04/13 11:58:33 [32m/Users/zmh/CodeBuddy/20260227183322/backend/cmd/main.go:32
[0m[33m[0.147ms] [34;1m[rows:1][0m SELECT SCHEMA_NAME from Information_schema.SCHEMATA where SCHEMA_NAME LIKE 'elderly_fitness%' ORDER BY SCHEMA_NAME='elderly_fitness' DESC,SCHEMA_NAME limit 1

2026/04/13 11:58:33 [32m/Users/zmh/CodeBuddy/20260227183322/backend/cmd/main.go:32
[0m[33m[0.251ms] [34;1m[rows:-][0m SELECT count(*) FROM information_schema.statistics WHERE table_schema = 'elderly_fitness' AND table_name = 'comments' AND index_name = 'idx_comments_deleted_at'

2026/04/13 11:58:33 [32m/Users/zmh/CodeBuddy/20260227183322/backend/cmd/main.go:32
[0m[33m[0.044ms] [34;1m[rows:-][0m SELECT DATABASE()

2026/04/13 11:58:33 [32m/Users/zmh/CodeBuddy/20260227183322/backend/cmd/main.go:32
[0m[33m[0.137ms] [34;1m[rows:1][0m SELECT SCHEMA_NAME from Information_schema.SCHEMATA where SCHEMA_NAME LIKE 'elderly_fitness%' ORDER BY SCHEMA_NAME='elderly_fitness' DESC,SCHEMA_NAME limit 1

2026/04/13 11:58:33 [32m/Users/zmh/CodeBuddy/20260227183322/backend/cmd/main.go:32
[0m[33m[0.247ms] [34;1m[rows:-][0m SELECT count(*) FROM information_schema.statistics WHERE table_schema = 'elderly_fitness' AND table_name = 'comments' AND index_name = 'idx_comments_exercise_id'

2026/04/13 11:58:33 [32m/Users/zmh/CodeBuddy/20260227183322/backend/cmd/main.go:32
[0m[33m[0.037ms] [34;1m[rows:-][0m SELECT DATABASE()

2026/04/13 11:58:33 [32m/Users/zmh/CodeBuddy/20260227183322/backend/cmd/main.go:32
[0m[33m[0.323ms] [34;1m[rows:1][0m SELECT SCHEMA_NAME from Information_schema.SCHEMATA where SCHEMA_NAME LIKE 'elderly_fitness%' ORDER BY SCHEMA_NAME='elderly_fitness' DESC,SCHEMA_NAME limit 1

2026/04/13 11:58:33 [32m/Users/zmh/CodeBuddy/20260227183322/backend/cmd/main.go:32
[0m[33m[0.265ms] [34;1m[rows:-][0m SELECT count(*) FROM information_schema.statistics WHERE table_schema = 'elderly_fitness' AND table_name = 'comments' AND index_name = 'idx_comments_user_id'

2026/04/13 11:58:33 [32m/Users/zmh/CodeBuddy/20260227183322/backend/cmd/main.go:32
[0m[33m[0.035ms] [34;1m[rows:-][0m SELECT DATABASE()

2026/04/13 11:58:33 [32m/Users/zmh/CodeBuddy/20260227183322/backend/cmd/main.go:32
[0m[33m[0.150ms] [34;1m[rows:1][0m SELECT SCHEMA_NAME from Information_schema.SCHEMATA where SCHEMA_NAME LIKE 'elderly_fitness%' ORDER BY SCHEMA_NAME='elderly_fitness' DESC,SCHEMA_NAME limit 1

2026/04/13 11:58:33 [32m/Users/zmh/CodeBuddy/20260227183322/backend/cmd/main.go:32
[0m[33m[0.277ms] [34;1m[rows:-][0m SELECT count(*) FROM information_schema.tables WHERE table_schema = 'elderly_fitness' AND table_name = 'comment_likes' AND table_type = 'BASE TABLE'

2026/04/13 11:58:33 [32m/Users/zmh/CodeBuddy/20260227183322/backend/cmd/main.go:32
[0m[33m[0.036ms] [34;1m[rows:-][0m SELECT DATABASE()

2026/04/13 11:58:33 [32m/Users/zmh/CodeBuddy/20260227183322/backend/cmd/main.go:32
[0m[33m[0.145ms] [34;1m[rows:1][0m SELECT SCHEMA_NAME from Information_schema.SCHEMATA where SCHEMA_NAME LIKE 'elderly_fitness%' ORDER BY SCHEMA_NAME='elderly_fitness' DESC,SCHEMA_NAME limit 1

2026/04/13 11:58:33 [32m/Users/zmh/CodeBuddy/20260227183322/backend/cmd/main.go:32
[0m[33m[0.049ms] [34;1m[rows:-][0m SELECT * FROM `comment_likes` LIMIT 1

2026/04/13 11:58:33 [32m/Users/zmh/CodeBuddy/20260227183322/backend/cmd/main.go:32
[0m[33m[0.324ms] [34;1m[rows:-][0m SELECT column_name, column_default, is_nullable = 'YES', data_type, character_maximum_length, column_type, column_key, extra, column_comment, numeric_precision, numeric_scale , datetime_precision FROM information_schema.columns WHERE table_schema = 'elderly_fitness' AND table_name = 'comment_likes' ORDER BY ORDINAL_POSITION

2026/04/13 11:58:33 [32m/Users/zmh/CodeBuddy/20260227183322/backend/cmd/main.go:32
[0m[33m[0.029ms] [34;1m[rows:-][0m SELECT DATABASE()

2026/04/13 11:58:33 [32m/Users/zmh/CodeBuddy/20260227183322/backend/cmd/main.go:32
[0m[33m[0.120ms] [34;1m[rows:1][0m SELECT SCHEMA_NAME from Information_schema.SCHEMATA where SCHEMA_NAME LIKE 'elderly_fitness%' ORDER BY SCHEMA_NAME='elderly_fitness' DESC,SCHEMA_NAME limit 1

2026/04/13 11:58:33 [32m/Users/zmh/CodeBuddy/20260227183322/backend/cmd/main.go:32
[0m[33m[0.255ms] [34;1m[rows:-][0m SELECT count(*) FROM information_schema.statistics WHERE table_schema = 'elderly_fitness' AND table_name = 'comment_likes' AND index_name = 'idx_comment_likes_comment_id'

2026/04/13 11:58:33 [32m/Users/zmh/CodeBuddy/20260227183322/backend/cmd/main.go:32
[0m[33m[0.030ms] [34;1m[rows:-][0m SELECT DATABASE()

2026/04/13 11:58:33 [32m/Users/zmh/CodeBuddy/20260227183322/backend/cmd/main.go:32
[0m[33m[0.125ms] [34;1m[rows:1][0m SELECT SCHEMA_NAME from Information_schema.SCHEMATA where SCHEMA_NAME LIKE 'elderly_fitness%' ORDER BY SCHEMA_NAME='elderly_fitness' DESC,SCHEMA_NAME limit 1

2026/04/13 11:58:33 [32m/Users/zmh/CodeBuddy/20260227183322/backend/cmd/main.go:32
[0m[33m[0.239ms] [34;1m[rows:-][0m SELECT count(*) FROM information_schema.statistics WHERE table_schema = 'elderly_fitness' AND table_name = 'comment_likes' AND index_name = 'idx_comment_likes_user_id'

2026/04/13 11:58:33 [32m/Users/zmh/CodeBuddy/20260227183322/backend/cmd/main.go:32
[0m[33m[0.029ms] [34;1m[rows:-][0m SELECT DATABASE()

2026/04/13 11:58:33 [32m/Users/zmh/CodeBuddy/20260227183322/backend/cmd/main.go:32
[0m[33m[0.110ms] [34;1m[rows:1][0m SELECT SCHEMA_NAME from Information_schema.SCHEMATA where SCHEMA_NAME LIKE 'elderly_fitness%' ORDER BY SCHEMA_NAME='elderly_fitness' DESC,SCHEMA_NAME limit 1

2026/04/13 11:58:33 [32m/Users/zmh/CodeBuddy/20260227183322/backend/cmd/main.go:32
[0m[33m[0.280ms] [34;1m[rows:-][0m SELECT count(*) FROM information_schema.tables WHERE table_schema = 'elderly_fitness' AND table_name = 'families' AND table_type = 'BASE TABLE'

2026/04/13 11:58:33 [32m/Users/zmh/CodeBuddy/20260227183322/backend/cmd/main.go:32
[0m[33m[0.029ms] [34;1m[rows:-][0m SELECT DATABASE()

2026/04/13 11:58:33 [32m/Users/zmh/CodeBuddy/20260227183322/backend/cmd/main.go:32
[0m[33m[0.110ms] [34;1m[rows:1][0m SELECT SCHEMA_NAME from Information_schema.SCHEMATA where SCHEMA_NAME LIKE 'elderly_fitness%' ORDER BY SCHEMA_NAME='elderly_fitness' DESC,SCHEMA_NAME limit 1

2026/04/13 11:58:33 [32m/Users/zmh/CodeBuddy/20260227183322/backend/cmd/main.go:32
[0m[33m[0.234ms] [34;1m[rows:-][0m SELECT * FROM `families` LIMIT 1

2026/04/13 11:58:33 [32m/Users/zmh/CodeBuddy/20260227183322/backend/cmd/main.go:32
[0m[33m[0.374ms] [34;1m[rows:-][0m SELECT column_name, column_default, is_nullable = 'YES', data_type, character_maximum_length, column_type, column_key, extra, column_comment, numeric_precision, numeric_scale , datetime_precision FROM information_schema.columns WHERE table_schema = 'elderly_fitness' AND table_name = 'families' ORDER BY ORDINAL_POSITION

2026/04/13 11:58:33 [32m/Users/zmh/CodeBuddy/20260227183322/backend/cmd/main.go:32
[0m[33m[0.025ms] [34;1m[rows:-][0m SELECT DATABASE()

2026/04/13 11:58:33 [32m/Users/zmh/CodeBuddy/20260227183322/backend/cmd/main.go:32
[0m[33m[0.122ms] [34;1m[rows:1][0m SELECT SCHEMA_NAME from Information_schema.SCHEMATA where SCHEMA_NAME LIKE 'elderly_fitness%' ORDER BY SCHEMA_NAME='elderly_fitness' DESC,SCHEMA_NAME limit 1

2026/04/13 11:58:33 [32m/Users/zmh/CodeBuddy/20260227183322/backend/cmd/main.go:32
[0m[33m[0.235ms] [34;1m[rows:-][0m SELECT count(*) FROM information_schema.statistics WHERE table_schema = 'elderly_fitness' AND table_name = 'families' AND index_name = 'idx_families_creator_id'

2026/04/13 11:58:33 [32m/Users/zmh/CodeBuddy/20260227183322/backend/cmd/main.go:32
[0m[33m[0.028ms] [34;1m[rows:-][0m SELECT DATABASE()

2026/04/13 11:58:33 [32m/Users/zmh/CodeBuddy/20260227183322/backend/cmd/main.go:32
[0m[33m[0.116ms] [34;1m[rows:1][0m SELECT SCHEMA_NAME from Information_schema.SCHEMATA where SCHEMA_NAME LIKE 'elderly_fitness%' ORDER BY SCHEMA_NAME='elderly_fitness' DESC,SCHEMA_NAME limit 1

2026/04/13 11:58:33 [32m/Users/zmh/CodeBuddy/20260227183322/backend/cmd/main.go:32
[0m[33m[0.235ms] [34;1m[rows:-][0m SELECT count(*) FROM information_schema.statistics WHERE table_schema = 'elderly_fitness' AND table_name = 'families' AND index_name = 'idx_families_invite_code'

2026/04/13 11:58:33 [32m/Users/zmh/CodeBuddy/20260227183322/backend/cmd/main.go:32
[0m[33m[0.024ms] [34;1m[rows:-][0m SELECT DATABASE()

2026/04/13 11:58:33 [32m/Users/zmh/CodeBuddy/20260227183322/backend/cmd/main.go:32
[0m[33m[0.117ms] [34;1m[rows:1][0m SELECT SCHEMA_NAME from Information_schema.SCHEMATA where SCHEMA_NAME LIKE 'elderly_fitness%' ORDER BY SCHEMA_NAME='elderly_fitness' DESC,SCHEMA_NAME limit 1

2026/04/13 11:58:33 [32m/Users/zmh/CodeBuddy/20260227183322/backend/cmd/main.go:32
[0m[33m[0.244ms] [34;1m[rows:-][0m SELECT count(*) FROM information_schema.statistics WHERE table_schema = 'elderly_fitness' AND table_name = 'families' AND index_name = 'idx_families_deleted_at'

2026/04/13 11:58:33 [32m/Users/zmh/CodeBuddy/20260227183322/backend/cmd/main.go:32
[0m[33m[0.026ms] [34;1m[rows:-][0m SELECT DATABASE()

2026/04/13 11:58:33 [32m/Users/zmh/CodeBuddy/20260227183322/backend/cmd/main.go:32
[0m[33m[0.125ms] [34;1m[rows:1][0m SELECT SCHEMA_NAME from Information_schema.SCHEMATA where SCHEMA_NAME LIKE 'elderly_fitness%' ORDER BY SCHEMA_NAME='elderly_fitness' DESC,SCHEMA_NAME limit 1

2026/04/13 11:58:33 [32m/Users/zmh/CodeBuddy/20260227183322/backend/cmd/main.go:32
[0m[33m[0.260ms] [34;1m[rows:-][0m SELECT count(*) FROM information_schema.tables WHERE table_schema = 'elderly_fitness' AND table_name = 'family_members' AND table_type = 'BASE TABLE'

2026/04/13 11:58:33 [32m/Users/zmh/CodeBuddy/20260227183322/backend/cmd/main.go:32
[0m[33m[0.027ms] [34;1m[rows:-][0m SELECT DATABASE()

2026/04/13 11:58:33 [32m/Users/zmh/CodeBuddy/20260227183322/backend/cmd/main.go:32
[0m[33m[0.117ms] [34;1m[rows:1][0m SELECT SCHEMA_NAME from Information_schema.SCHEMATA where SCHEMA_NAME LIKE 'elderly_fitness%' ORDER BY SCHEMA_NAME='elderly_fitness' DESC,SCHEMA_NAME limit 1

2026/04/13 11:58:33 [32m/Users/zmh/CodeBuddy/20260227183322/backend/cmd/main.go:32
[0m[33m[0.067ms] [34;1m[rows:-][0m SELECT * FROM `family_members` LIMIT 1

2026/04/13 11:58:33 [32m/Users/zmh/CodeBuddy/20260227183322/backend/cmd/main.go:32
[0m[33m[0.334ms] [34;1m[rows:-][0m SELECT column_name, column_default, is_nullable = 'YES', data_type, character_maximum_length, column_type, column_key, extra, column_comment, numeric_precision, numeric_scale , datetime_precision FROM information_schema.columns WHERE table_schema = 'elderly_fitness' AND table_name = 'family_members' ORDER BY ORDINAL_POSITION

2026/04/13 11:58:33 [32m/Users/zmh/CodeBuddy/20260227183322/backend/cmd/main.go:32
[0m[33m[0.023ms] [34;1m[rows:-][0m SELECT DATABASE()

2026/04/13 11:58:33 [32m/Users/zmh/CodeBuddy/20260227183322/backend/cmd/main.go:32
[0m[33m[0.128ms] [34;1m[rows:1][0m SELECT SCHEMA_NAME from Information_schema.SCHEMATA where SCHEMA_NAME LIKE 'elderly_fitness%' ORDER BY SCHEMA_NAME='elderly_fitness' DESC,SCHEMA_NAME limit 1

2026/04/13 11:58:33 [32m/Users/zmh/CodeBuddy/20260227183322/backend/cmd/main.go:32
[0m[33m[0.216ms] [34;1m[rows:-][0m SELECT count(*) FROM INFORMATION_SCHEMA.table_constraints WHERE constraint_schema = 'elderly_fitness' AND table_name = 'family_members' AND constraint_name = 'fk_family_members_user'

2026/04/13 11:58:33 [32m/Users/zmh/CodeBuddy/20260227183322/backend/cmd/main.go:32
[0m[33m[0.026ms] [34;1m[rows:-][0m SELECT DATABASE()

2026/04/13 11:58:33 [32m/Users/zmh/CodeBuddy/20260227183322/backend/cmd/main.go:32
[0m[33m[0.116ms] [34;1m[rows:1][0m SELECT SCHEMA_NAME from Information_schema.SCHEMATA where SCHEMA_NAME LIKE 'elderly_fitness%' ORDER BY SCHEMA_NAME='elderly_fitness' DESC,SCHEMA_NAME limit 1

2026/04/13 11:58:33 [32m/Users/zmh/CodeBuddy/20260227183322/backend/cmd/main.go:32
[0m[33m[0.203ms] [34;1m[rows:-][0m SELECT count(*) FROM INFORMATION_SCHEMA.table_constraints WHERE constraint_schema = 'elderly_fitness' AND table_name = 'family_members' AND constraint_name = 'fk_families_members'

2026/04/13 11:58:33 [32m/Users/zmh/CodeBuddy/20260227183322/backend/cmd/main.go:32
[0m[33m[0.024ms] [34;1m[rows:-][0m SELECT DATABASE()

2026/04/13 11:58:33 [32m/Users/zmh/CodeBuddy/20260227183322/backend/cmd/main.go:32
[0m[33m[0.115ms] [34;1m[rows:1][0m SELECT SCHEMA_NAME from Information_schema.SCHEMATA where SCHEMA_NAME LIKE 'elderly_fitness%' ORDER BY SCHEMA_NAME='elderly_fitness' DESC,SCHEMA_NAME limit 1

2026/04/13 11:58:33 [32m/Users/zmh/CodeBuddy/20260227183322/backend/cmd/main.go:32
[0m[33m[0.248ms] [34;1m[rows:-][0m SELECT count(*) FROM information_schema.statistics WHERE table_schema = 'elderly_fitness' AND table_name = 'family_members' AND index_name = 'idx_family_members_family_id'

2026/04/13 11:58:33 [32m/Users/zmh/CodeBuddy/20260227183322/backend/cmd/main.go:32
[0m[33m[0.026ms] [34;1m[rows:-][0m SELECT DATABASE()

2026/04/13 11:58:33 [32m/Users/zmh/CodeBuddy/20260227183322/backend/cmd/main.go:32
[0m[33m[0.119ms] [34;1m[rows:1][0m SELECT SCHEMA_NAME from Information_schema.SCHEMATA where SCHEMA_NAME LIKE 'elderly_fitness%' ORDER BY SCHEMA_NAME='elderly_fitness' DESC,SCHEMA_NAME limit 1

2026/04/13 11:58:33 [32m/Users/zmh/CodeBuddy/20260227183322/backend/cmd/main.go:32
[0m[33m[0.247ms] [34;1m[rows:-][0m SELECT count(*) FROM information_schema.statistics WHERE table_schema = 'elderly_fitness' AND table_name = 'family_members' AND index_name = 'idx_family_user'

2026/04/13 11:58:33 [32m/Users/zmh/CodeBuddy/20260227183322/backend/cmd/main.go:32
[0m[33m[0.029ms] [34;1m[rows:-][0m SELECT DATABASE()

2026/04/13 11:58:33 [32m/Users/zmh/CodeBuddy/20260227183322/backend/cmd/main.go:32
[0m[33m[0.138ms] [34;1m[rows:1][0m SELECT SCHEMA_NAME from Information_schema.SCHEMATA where SCHEMA_NAME LIKE 'elderly_fitness%' ORDER BY SCHEMA_NAME='elderly_fitness' DESC,SCHEMA_NAME limit 1

2026/04/13 11:58:33 [32m/Users/zmh/CodeBuddy/20260227183322/backend/cmd/main.go:32
[0m[33m[0.304ms] [34;1m[rows:-][0m SELECT count(*) FROM information_schema.statistics WHERE table_schema = 'elderly_fitness' AND table_name = 'family_members' AND index_name = 'idx_family_members_user_id'

2026/04/13 11:58:33 [32m/Users/zmh/CodeBuddy/20260227183322/backend/cmd/main.go:32
[0m[33m[0.055ms] [34;1m[rows:-][0m SELECT DATABASE()

2026/04/13 11:58:33 [32m/Users/zmh/CodeBuddy/20260227183322/backend/cmd/main.go:32
[0m[33m[0.134ms] [34;1m[rows:1][0m SELECT SCHEMA_NAME from Information_schema.SCHEMATA where SCHEMA_NAME LIKE 'elderly_fitness%' ORDER BY SCHEMA_NAME='elderly_fitness' DESC,SCHEMA_NAME limit 1

2026/04/13 11:58:33 [32m/Users/zmh/CodeBuddy/20260227183322/backend/cmd/main.go:32
[0m[33m[0.268ms] [34;1m[rows:-][0m SELECT count(*) FROM information_schema.statistics WHERE table_schema = 'elderly_fitness' AND table_name = 'family_members' AND index_name = 'idx_family_members_deleted_at'

2026/04/13 11:58:33 [32m/Users/zmh/CodeBuddy/20260227183322/backend/cmd/main.go:32
[0m[33m[0.033ms] [34;1m[rows:-][0m SELECT DATABASE()

2026/04/13 11:58:33 [32m/Users/zmh/CodeBuddy/20260227183322/backend/cmd/main.go:32
[0m[33m[0.135ms] [34;1m[rows:1][0m SELECT SCHEMA_NAME from Information_schema.SCHEMATA where SCHEMA_NAME LIKE 'elderly_fitness%' ORDER BY SCHEMA_NAME='elderly_fitness' DESC,SCHEMA_NAME limit 1

2026/04/13 11:58:33 [32m/Users/zmh/CodeBuddy/20260227183322/backend/cmd/main.go:32
[0m[33m[0.296ms] [34;1m[rows:-][0m SELECT count(*) FROM information_schema.tables WHERE table_schema = 'elderly_fitness' AND table_name = 'daily_goals' AND table_type = 'BASE TABLE'

2026/04/13 11:58:33 [32m/Users/zmh/CodeBuddy/20260227183322/backend/cmd/main.go:32
[0m[33m[0.030ms] [34;1m[rows:-][0m SELECT DATABASE()

2026/04/13 11:58:33 [32m/Users/zmh/CodeBuddy/20260227183322/backend/cmd/main.go:32
[0m[33m[0.124ms] [34;1m[rows:1][0m SELECT SCHEMA_NAME from Information_schema.SCHEMATA where SCHEMA_NAME LIKE 'elderly_fitness%' ORDER BY SCHEMA_NAME='elderly_fitness' DESC,SCHEMA_NAME limit 1

2026/04/13 11:58:33 [32m/Users/zmh/CodeBuddy/20260227183322/backend/cmd/main.go:32
[0m[33m[0.153ms] [34;1m[rows:-][0m SELECT * FROM `daily_goals` LIMIT 1

2026/04/13 11:58:33 [32m/Users/zmh/CodeBuddy/20260227183322/backend/cmd/main.go:32
[0m[33m[0.405ms] [34;1m[rows:-][0m SELECT column_name, column_default, is_nullable = 'YES', data_type, character_maximum_length, column_type, column_key, extra, column_comment, numeric_precision, numeric_scale , datetime_precision FROM information_schema.columns WHERE table_schema = 'elderly_fitness' AND table_name = 'daily_goals' ORDER BY ORDINAL_POSITION

2026/04/13 11:58:33 [32m/Users/zmh/CodeBuddy/20260227183322/backend/cmd/main.go:32
[0m[33m[4.434ms] [34;1m[rows:0][0m ALTER TABLE `daily_goals` MODIFY COLUMN `is_active` boolean DEFAULT true

2026/04/13 11:58:33 [32m/Users/zmh/CodeBuddy/20260227183322/backend/cmd/main.go:32
[0m[33m[0.029ms] [34;1m[rows:-][0m SELECT DATABASE()

2026/04/13 11:58:33 [32m/Users/zmh/CodeBuddy/20260227183322/backend/cmd/main.go:32
[0m[33m[0.141ms] [34;1m[rows:1][0m SELECT SCHEMA_NAME from Information_schema.SCHEMATA where SCHEMA_NAME LIKE 'elderly_fitness%' ORDER BY SCHEMA_NAME='elderly_fitness' DESC,SCHEMA_NAME limit 1

2026/04/13 11:58:33 [32m/Users/zmh/CodeBuddy/20260227183322/backend/cmd/main.go:32
[0m[33m[0.262ms] [34;1m[rows:-][0m SELECT count(*) FROM INFORMATION_SCHEMA.table_constraints WHERE constraint_schema = 'elderly_fitness' AND table_name = 'daily_goals' AND constraint_name = 'fk_daily_goals_family'

2026/04/13 11:58:33 [32m/Users/zmh/CodeBuddy/20260227183322/backend/cmd/main.go:32
[0m[33m[0.025ms] [34;1m[rows:-][0m SELECT DATABASE()

2026/04/13 11:58:33 [32m/Users/zmh/CodeBuddy/20260227183322/backend/cmd/main.go:32
[0m[33m[0.133ms] [34;1m[rows:1][0m SELECT SCHEMA_NAME from Information_schema.SCHEMATA where SCHEMA_NAME LIKE 'elderly_fitness%' ORDER BY SCHEMA_NAME='elderly_fitness' DESC,SCHEMA_NAME limit 1

2026/04/13 11:58:33 [32m/Users/zmh/CodeBuddy/20260227183322/backend/cmd/main.go:32
[0m[33m[0.247ms] [34;1m[rows:-][0m SELECT count(*) FROM information_schema.statistics WHERE table_schema = 'elderly_fitness' AND table_name = 'daily_goals' AND index_name = 'idx_daily_goals_family_id'

2026/04/13 11:58:33 [32m/Users/zmh/CodeBuddy/20260227183322/backend/cmd/main.go:32
[0m[33m[0.028ms] [34;1m[rows:-][0m SELECT DATABASE()

2026/04/13 11:58:33 [32m/Users/zmh/CodeBuddy/20260227183322/backend/cmd/main.go:32
[0m[33m[0.122ms] [34;1m[rows:1][0m SELECT SCHEMA_NAME from Information_schema.SCHEMATA where SCHEMA_NAME LIKE 'elderly_fitness%' ORDER BY SCHEMA_NAME='elderly_fitness' DESC,SCHEMA_NAME limit 1

2026/04/13 11:58:33 [32m/Users/zmh/CodeBuddy/20260227183322/backend/cmd/main.go:32
[0m[33m[0.234ms] [34;1m[rows:-][0m SELECT count(*) FROM information_schema.statistics WHERE table_schema = 'elderly_fitness' AND table_name = 'daily_goals' AND index_name = 'idx_daily_goals_created_by'

2026/04/13 11:58:33 [32m/Users/zmh/CodeBuddy/20260227183322/backend/cmd/main.go:32
[0m[33m[0.026ms] [34;1m[rows:-][0m SELECT DATABASE()

2026/04/13 11:58:33 [32m/Users/zmh/CodeBuddy/20260227183322/backend/cmd/main.go:32
[0m[33m[0.120ms] [34;1m[rows:1][0m SELECT SCHEMA_NAME from Information_schema.SCHEMATA where SCHEMA_NAME LIKE 'elderly_fitness%' ORDER BY SCHEMA_NAME='elderly_fitness' DESC,SCHEMA_NAME limit 1

2026/04/13 11:58:33 [32m/Users/zmh/CodeBuddy/20260227183322/backend/cmd/main.go:32
[0m[33m[0.255ms] [34;1m[rows:-][0m SELECT count(*) FROM information_schema.statistics WHERE table_schema = 'elderly_fitness' AND table_name = 'daily_goals' AND index_name = 'idx_daily_goals_deleted_at'

2026/04/13 11:58:33 [32m/Users/zmh/CodeBuddy/20260227183322/backend/cmd/main.go:32
[0m[33m[0.025ms] [34;1m[rows:-][0m SELECT DATABASE()

2026/04/13 11:58:33 [32m/Users/zmh/CodeBuddy/20260227183322/backend/cmd/main.go:32
[0m[33m[0.123ms] [34;1m[rows:1][0m SELECT SCHEMA_NAME from Information_schema.SCHEMATA where SCHEMA_NAME LIKE 'elderly_fitness%' ORDER BY SCHEMA_NAME='elderly_fitness' DESC,SCHEMA_NAME limit 1

2026/04/13 11:58:33 [32m/Users/zmh/CodeBuddy/20260227183322/backend/cmd/main.go:32
[0m[33m[0.297ms] [34;1m[rows:-][0m SELECT count(*) FROM information_schema.tables WHERE table_schema = 'elderly_fitness' AND table_name = 'goal_members' AND table_type = 'BASE TABLE'

2026/04/13 11:58:33 [32m/Users/zmh/CodeBuddy/20260227183322/backend/cmd/main.go:32
[0m[33m[0.028ms] [34;1m[rows:-][0m SELECT DATABASE()

2026/04/13 11:58:33 [32m/Users/zmh/CodeBuddy/20260227183322/backend/cmd/main.go:32
[0m[33m[0.115ms] [34;1m[rows:1][0m SELECT SCHEMA_NAME from Information_schema.SCHEMATA where SCHEMA_NAME LIKE 'elderly_fitness%' ORDER BY SCHEMA_NAME='elderly_fitness' DESC,SCHEMA_NAME limit 1

2026/04/13 11:58:33 [32m/Users/zmh/CodeBuddy/20260227183322/backend/cmd/main.go:32
[0m[33m[0.496ms] [34;1m[rows:-][0m SELECT * FROM `goal_members` LIMIT 1

2026/04/13 11:58:33 [32m/Users/zmh/CodeBuddy/20260227183322/backend/cmd/main.go:32
[0m[33m[0.355ms] [34;1m[rows:-][0m SELECT column_name, column_default, is_nullable = 'YES', data_type, character_maximum_length, column_type, column_key, extra, column_comment, numeric_precision, numeric_scale , datetime_precision FROM information_schema.columns WHERE table_schema = 'elderly_fitness' AND table_name = 'goal_members' ORDER BY ORDINAL_POSITION

2026/04/13 11:58:33 [32m/Users/zmh/CodeBuddy/20260227183322/backend/cmd/main.go:32
[0m[33m[0.024ms] [34;1m[rows:-][0m SELECT DATABASE()

2026/04/13 11:58:33 [32m/Users/zmh/CodeBuddy/20260227183322/backend/cmd/main.go:32
[0m[33m[0.116ms] [34;1m[rows:1][0m SELECT SCHEMA_NAME from Information_schema.SCHEMATA where SCHEMA_NAME LIKE 'elderly_fitness%' ORDER BY SCHEMA_NAME='elderly_fitness' DESC,SCHEMA_NAME limit 1

2026/04/13 11:58:33 [32m/Users/zmh/CodeBuddy/20260227183322/backend/cmd/main.go:32
[0m[33m[0.225ms] [34;1m[rows:-][0m SELECT count(*) FROM INFORMATION_SCHEMA.table_constraints WHERE constraint_schema = 'elderly_fitness' AND table_name = 'goal_members' AND constraint_name = 'fk_goal_members_user'

2026/04/13 11:58:33 [32m/Users/zmh/CodeBuddy/20260227183322/backend/cmd/main.go:32
[0m[33m[0.022ms] [34;1m[rows:-][0m SELECT DATABASE()

2026/04/13 11:58:33 [32m/Users/zmh/CodeBuddy/20260227183322/backend/cmd/main.go:32
[0m[33m[0.115ms] [34;1m[rows:1][0m SELECT SCHEMA_NAME from Information_schema.SCHEMATA where SCHEMA_NAME LIKE 'elderly_fitness%' ORDER BY SCHEMA_NAME='elderly_fitness' DESC,SCHEMA_NAME limit 1

2026/04/13 11:58:33 [32m/Users/zmh/CodeBuddy/20260227183322/backend/cmd/main.go:32
[0m[33m[0.223ms] [34;1m[rows:-][0m SELECT count(*) FROM INFORMATION_SCHEMA.table_constraints WHERE constraint_schema = 'elderly_fitness' AND table_name = 'goal_members' AND constraint_name = 'fk_daily_goals_members'

2026/04/13 11:58:33 [32m/Users/zmh/CodeBuddy/20260227183322/backend/cmd/main.go:32
[0m[33m[0.026ms] [34;1m[rows:-][0m SELECT DATABASE()

2026/04/13 11:58:33 [32m/Users/zmh/CodeBuddy/20260227183322/backend/cmd/main.go:32
[0m[33m[0.125ms] [34;1m[rows:1][0m SELECT SCHEMA_NAME from Information_schema.SCHEMATA where SCHEMA_NAME LIKE 'elderly_fitness%' ORDER BY SCHEMA_NAME='elderly_fitness' DESC,SCHEMA_NAME limit 1

2026/04/13 11:58:33 [32m/Users/zmh/CodeBuddy/20260227183322/backend/cmd/main.go:32
[0m[33m[0.239ms] [34;1m[rows:-][0m SELECT count(*) FROM information_schema.statistics WHERE table_schema = 'elderly_fitness' AND table_name = 'goal_members' AND index_name = 'idx_goal_members_goal_id'

2026/04/13 11:58:33 [32m/Users/zmh/CodeBuddy/20260227183322/backend/cmd/main.go:32
[0m[33m[0.026ms] [34;1m[rows:-][0m SELECT DATABASE()

2026/04/13 11:58:33 [32m/Users/zmh/CodeBuddy/20260227183322/backend/cmd/main.go:32
[0m[33m[0.108ms] [34;1m[rows:1][0m SELECT SCHEMA_NAME from Information_schema.SCHEMATA where SCHEMA_NAME LIKE 'elderly_fitness%' ORDER BY SCHEMA_NAME='elderly_fitness' DESC,SCHEMA_NAME limit 1

2026/04/13 11:58:33 [32m/Users/zmh/CodeBuddy/20260227183322/backend/cmd/main.go:32
[0m[33m[0.239ms] [34;1m[rows:-][0m SELECT count(*) FROM information_schema.statistics WHERE table_schema = 'elderly_fitness' AND table_name = 'goal_members' AND index_name = 'idx_goal_member'

2026/04/13 11:58:33 [32m/Users/zmh/CodeBuddy/20260227183322/backend/cmd/main.go:32
[0m[33m[0.030ms] [34;1m[rows:-][0m SELECT DATABASE()

2026/04/13 11:58:33 [32m/Users/zmh/CodeBuddy/20260227183322/backend/cmd/main.go:32
[0m[33m[0.118ms] [34;1m[rows:1][0m SELECT SCHEMA_NAME from Information_schema.SCHEMATA where SCHEMA_NAME LIKE 'elderly_fitness%' ORDER BY SCHEMA_NAME='elderly_fitness' DESC,SCHEMA_NAME limit 1

2026/04/13 11:58:33 [32m/Users/zmh/CodeBuddy/20260227183322/backend/cmd/main.go:32
[0m[33m[0.241ms] [34;1m[rows:-][0m SELECT count(*) FROM information_schema.statistics WHERE table_schema = 'elderly_fitness' AND table_name = 'goal_members' AND index_name = 'idx_goal_members_user_id'

2026/04/13 11:58:33 [32m/Users/zmh/CodeBuddy/20260227183322/backend/cmd/main.go:32
[0m[33m[0.026ms] [34;1m[rows:-][0m SELECT DATABASE()

2026/04/13 11:58:33 [32m/Users/zmh/CodeBuddy/20260227183322/backend/cmd/main.go:32
[0m[33m[0.116ms] [34;1m[rows:1][0m SELECT SCHEMA_NAME from Information_schema.SCHEMATA where SCHEMA_NAME LIKE 'elderly_fitness%' ORDER BY SCHEMA_NAME='elderly_fitness' DESC,SCHEMA_NAME limit 1

2026/04/13 11:58:33 [32m/Users/zmh/CodeBuddy/20260227183322/backend/cmd/main.go:32
[0m[33m[0.236ms] [34;1m[rows:-][0m SELECT count(*) FROM information_schema.statistics WHERE table_schema = 'elderly_fitness' AND table_name = 'goal_members' AND index_name = 'idx_goal_members_deleted_at'

2026/04/13 11:58:33 [32m/Users/zmh/CodeBuddy/20260227183322/backend/cmd/main.go:32
[0m[33m[0.027ms] [34;1m[rows:-][0m SELECT DATABASE()

2026/04/13 11:58:33 [32m/Users/zmh/CodeBuddy/20260227183322/backend/cmd/main.go:32
[0m[33m[0.115ms] [34;1m[rows:1][0m SELECT SCHEMA_NAME from Information_schema.SCHEMATA where SCHEMA_NAME LIKE 'elderly_fitness%' ORDER BY SCHEMA_NAME='elderly_fitness' DESC,SCHEMA_NAME limit 1

2026/04/13 11:58:33 [32m/Users/zmh/CodeBuddy/20260227183322/backend/cmd/main.go:32
[0m[33m[0.281ms] [34;1m[rows:-][0m SELECT count(*) FROM information_schema.tables WHERE table_schema = 'elderly_fitness' AND table_name = 'goal_exercises' AND table_type = 'BASE TABLE'

2026/04/13 11:58:33 [32m/Users/zmh/CodeBuddy/20260227183322/backend/cmd/main.go:32
[0m[33m[0.025ms] [34;1m[rows:-][0m SELECT DATABASE()

2026/04/13 11:58:33 [32m/Users/zmh/CodeBuddy/20260227183322/backend/cmd/main.go:32
[0m[33m[0.128ms] [34;1m[rows:1][0m SELECT SCHEMA_NAME from Information_schema.SCHEMATA where SCHEMA_NAME LIKE 'elderly_fitness%' ORDER BY SCHEMA_NAME='elderly_fitness' DESC,SCHEMA_NAME limit 1

2026/04/13 11:58:33 [32m/Users/zmh/CodeBuddy/20260227183322/backend/cmd/main.go:32
[0m[33m[1.010ms] [34;1m[rows:-][0m SELECT * FROM `goal_exercises` LIMIT 1

2026/04/13 11:58:33 [32m/Users/zmh/CodeBuddy/20260227183322/backend/cmd/main.go:32
[0m[33m[0.498ms] [34;1m[rows:-][0m SELECT column_name, column_default, is_nullable = 'YES', data_type, character_maximum_length, column_type, column_key, extra, column_comment, numeric_precision, numeric_scale , datetime_precision FROM information_schema.columns WHERE table_schema = 'elderly_fitness' AND table_name = 'goal_exercises' ORDER BY ORDINAL_POSITION

2026/04/13 11:58:33 [32m/Users/zmh/CodeBuddy/20260227183322/backend/cmd/main.go:32
[0m[33m[0.024ms] [34;1m[rows:-][0m SELECT DATABASE()

2026/04/13 11:58:33 [32m/Users/zmh/CodeBuddy/20260227183322/backend/cmd/main.go:32
[0m[33m[0.126ms] [34;1m[rows:1][0m SELECT SCHEMA_NAME from Information_schema.SCHEMATA where SCHEMA_NAME LIKE 'elderly_fitness%' ORDER BY SCHEMA_NAME='elderly_fitness' DESC,SCHEMA_NAME limit 1

2026/04/13 11:58:33 [32m/Users/zmh/CodeBuddy/20260227183322/backend/cmd/main.go:32
[0m[33m[0.211ms] [34;1m[rows:-][0m SELECT count(*) FROM INFORMATION_SCHEMA.table_constraints WHERE constraint_schema = 'elderly_fitness' AND table_name = 'goal_exercises' AND constraint_name = 'fk_daily_goals_exercises'

2026/04/13 11:58:33 [32m/Users/zmh/CodeBuddy/20260227183322/backend/cmd/main.go:32
[0m[33m[0.024ms] [34;1m[rows:-][0m SELECT DATABASE()

2026/04/13 11:58:33 [32m/Users/zmh/CodeBuddy/20260227183322/backend/cmd/main.go:32
[0m[33m[0.126ms] [34;1m[rows:1][0m SELECT SCHEMA_NAME from Information_schema.SCHEMATA where SCHEMA_NAME LIKE 'elderly_fitness%' ORDER BY SCHEMA_NAME='elderly_fitness' DESC,SCHEMA_NAME limit 1

2026/04/13 11:58:33 [32m/Users/zmh/CodeBuddy/20260227183322/backend/cmd/main.go:32
[0m[33m[0.188ms] [34;1m[rows:-][0m SELECT count(*) FROM INFORMATION_SCHEMA.table_constraints WHERE constraint_schema = 'elderly_fitness' AND table_name = 'goal_exercises' AND constraint_name = 'fk_goal_exercises_exercise'

2026/04/13 11:58:33 [32m/Users/zmh/CodeBuddy/20260227183322/backend/cmd/main.go:32
[0m[33m[0.023ms] [34;1m[rows:-][0m SELECT DATABASE()

2026/04/13 11:58:33 [32m/Users/zmh/CodeBuddy/20260227183322/backend/cmd/main.go:32
[0m[33m[0.125ms] [34;1m[rows:1][0m SELECT SCHEMA_NAME from Information_schema.SCHEMATA where SCHEMA_NAME LIKE 'elderly_fitness%' ORDER BY SCHEMA_NAME='elderly_fitness' DESC,SCHEMA_NAME limit 1

2026/04/13 11:58:33 [32m/Users/zmh/CodeBuddy/20260227183322/backend/cmd/main.go:32
[0m[33m[0.252ms] [34;1m[rows:-][0m SELECT count(*) FROM information_schema.statistics WHERE table_schema = 'elderly_fitness' AND table_name = 'goal_exercises' AND index_name = 'idx_goal_exercises_goal_id'

2026/04/13 11:58:33 [32m/Users/zmh/CodeBuddy/20260227183322/backend/cmd/main.go:32
[0m[33m[0.028ms] [34;1m[rows:-][0m SELECT DATABASE()

2026/04/13 11:58:33 [32m/Users/zmh/CodeBuddy/20260227183322/backend/cmd/main.go:32
[0m[33m[0.125ms] [34;1m[rows:1][0m SELECT SCHEMA_NAME from Information_schema.SCHEMATA where SCHEMA_NAME LIKE 'elderly_fitness%' ORDER BY SCHEMA_NAME='elderly_fitness' DESC,SCHEMA_NAME limit 1

2026/04/13 11:58:33 [32m/Users/zmh/CodeBuddy/20260227183322/backend/cmd/main.go:32
[0m[33m[0.229ms] [34;1m[rows:-][0m SELECT count(*) FROM information_schema.statistics WHERE table_schema = 'elderly_fitness' AND table_name = 'goal_exercises' AND index_name = 'idx_goal_exercises_exercise_id'

2026/04/13 11:58:33 [32m/Users/zmh/CodeBuddy/20260227183322/backend/cmd/main.go:32
[0m[33m[0.027ms] [34;1m[rows:-][0m SELECT DATABASE()

2026/04/13 11:58:33 [32m/Users/zmh/CodeBuddy/20260227183322/backend/cmd/main.go:32
[0m[33m[0.122ms] [34;1m[rows:1][0m SELECT SCHEMA_NAME from Information_schema.SCHEMATA where SCHEMA_NAME LIKE 'elderly_fitness%' ORDER BY SCHEMA_NAME='elderly_fitness' DESC,SCHEMA_NAME limit 1

2026/04/13 11:58:33 [32m/Users/zmh/CodeBuddy/20260227183322/backend/cmd/main.go:32
[0m[33m[0.239ms] [34;1m[rows:-][0m SELECT count(*) FROM information_schema.statistics WHERE table_schema = 'elderly_fitness' AND table_name = 'goal_exercises' AND index_name = 'idx_goal_exercises_deleted_at'

2026/04/13 11:58:33 [32m/Users/zmh/CodeBuddy/20260227183322/backend/cmd/main.go:32
[0m[33m[0.024ms] [34;1m[rows:-][0m SELECT DATABASE()

2026/04/13 11:58:33 [32m/Users/zmh/CodeBuddy/20260227183322/backend/cmd/main.go:32
[0m[33m[0.114ms] [34;1m[rows:1][0m SELECT SCHEMA_NAME from Information_schema.SCHEMATA where SCHEMA_NAME LIKE 'elderly_fitness%' ORDER BY SCHEMA_NAME='elderly_fitness' DESC,SCHEMA_NAME limit 1

2026/04/13 11:58:33 [32m/Users/zmh/CodeBuddy/20260227183322/backend/cmd/main.go:32
[0m[33m[0.271ms] [34;1m[rows:-][0m SELECT count(*) FROM information_schema.tables WHERE table_schema = 'elderly_fitness' AND table_name = 'goal_completions' AND table_type = 'BASE TABLE'

2026/04/13 11:58:33 [32m/Users/zmh/CodeBuddy/20260227183322/backend/cmd/main.go:32
[0m[33m[0.026ms] [34;1m[rows:-][0m SELECT DATABASE()

2026/04/13 11:58:33 [32m/Users/zmh/CodeBuddy/20260227183322/backend/cmd/main.go:32
[0m[33m[0.117ms] [34;1m[rows:1][0m SELECT SCHEMA_NAME from Information_schema.SCHEMATA where SCHEMA_NAME LIKE 'elderly_fitness%' ORDER BY SCHEMA_NAME='elderly_fitness' DESC,SCHEMA_NAME limit 1

2026/04/13 11:58:33 [32m/Users/zmh/CodeBuddy/20260227183322/backend/cmd/main.go:32
[0m[33m[0.433ms] [34;1m[rows:-][0m SELECT * FROM `goal_completions` LIMIT 1

2026/04/13 11:58:33 [32m/Users/zmh/CodeBuddy/20260227183322/backend/cmd/main.go:32
[0m[33m[0.339ms] [34;1m[rows:-][0m SELECT column_name, column_default, is_nullable = 'YES', data_type, character_maximum_length, column_type, column_key, extra, column_comment, numeric_precision, numeric_scale , datetime_precision FROM information_schema.columns WHERE table_schema = 'elderly_fitness' AND table_name = 'goal_completions' ORDER BY ORDINAL_POSITION

2026/04/13 11:58:33 [32m/Users/zmh/CodeBuddy/20260227183322/backend/cmd/main.go:32
[0m[33m[0.024ms] [34;1m[rows:-][0m SELECT DATABASE()

2026/04/13 11:58:33 [32m/Users/zmh/CodeBuddy/20260227183322/backend/cmd/main.go:32
[0m[33m[0.116ms] [34;1m[rows:1][0m SELECT SCHEMA_NAME from Information_schema.SCHEMATA where SCHEMA_NAME LIKE 'elderly_fitness%' ORDER BY SCHEMA_NAME='elderly_fitness' DESC,SCHEMA_NAME limit 1

2026/04/13 11:58:33 [32m/Users/zmh/CodeBuddy/20260227183322/backend/cmd/main.go:32
[0m[33m[0.211ms] [34;1m[rows:-][0m SELECT count(*) FROM INFORMATION_SCHEMA.table_constraints WHERE constraint_schema = 'elderly_fitness' AND table_name = 'goal_completions' AND constraint_name = 'fk_goal_exercises_completions'

2026/04/13 11:58:33 [32m/Users/zmh/CodeBuddy/20260227183322/backend/cmd/main.go:32
[0m[33m[0.024ms] [34;1m[rows:-][0m SELECT DATABASE()

2026/04/13 11:58:33 [32m/Users/zmh/CodeBuddy/20260227183322/backend/cmd/main.go:32
[0m[33m[0.111ms] [34;1m[rows:1][0m SELECT SCHEMA_NAME from Information_schema.SCHEMATA where SCHEMA_NAME LIKE 'elderly_fitness%' ORDER BY SCHEMA_NAME='elderly_fitness' DESC,SCHEMA_NAME limit 1

2026/04/13 11:58:33 [32m/Users/zmh/CodeBuddy/20260227183322/backend/cmd/main.go:32
[0m[33m[0.213ms] [34;1m[rows:-][0m SELECT count(*) FROM INFORMATION_SCHEMA.table_constraints WHERE constraint_schema = 'elderly_fitness' AND table_name = 'goal_completions' AND constraint_name = 'fk_goal_members_completions'

2026/04/13 11:58:33 [32m/Users/zmh/CodeBuddy/20260227183322/backend/cmd/main.go:32
[0m[33m[0.025ms] [34;1m[rows:-][0m SELECT DATABASE()

2026/04/13 11:58:33 [32m/Users/zmh/CodeBuddy/20260227183322/backend/cmd/main.go:32
[0m[33m[0.125ms] [34;1m[rows:1][0m SELECT SCHEMA_NAME from Information_schema.SCHEMATA where SCHEMA_NAME LIKE 'elderly_fitness%' ORDER BY SCHEMA_NAME='elderly_fitness' DESC,SCHEMA_NAME limit 1

2026/04/13 11:58:33 [32m/Users/zmh/CodeBuddy/20260227183322/backend/cmd/main.go:32
[0m[33m[0.239ms] [34;1m[rows:-][0m SELECT count(*) FROM information_schema.statistics WHERE table_schema = 'elderly_fitness' AND table_name = 'goal_completions' AND index_name = 'idx_goal_completions_goal_member_id'

2026/04/13 11:58:33 [32m/Users/zmh/CodeBuddy/20260227183322/backend/cmd/main.go:32
[0m[33m[0.024ms] [34;1m[rows:-][0m SELECT DATABASE()

2026/04/13 11:58:33 [32m/Users/zmh/CodeBuddy/20260227183322/backend/cmd/main.go:32
[0m[33m[0.126ms] [34;1m[rows:1][0m SELECT SCHEMA_NAME from Information_schema.SCHEMATA where SCHEMA_NAME LIKE 'elderly_fitness%' ORDER BY SCHEMA_NAME='elderly_fitness' DESC,SCHEMA_NAME limit 1

2026/04/13 11:58:33 [32m/Users/zmh/CodeBuddy/20260227183322/backend/cmd/main.go:32
[0m[33m[0.239ms] [34;1m[rows:-][0m SELECT count(*) FROM information_schema.statistics WHERE table_schema = 'elderly_fitness' AND table_name = 'goal_completions' AND index_name = 'idx_goal_completions_goal_exercise_id'

2026/04/13 11:58:33 [32m/Users/zmh/CodeBuddy/20260227183322/backend/cmd/main.go:32
[0m[33m[0.030ms] [34;1m[rows:-][0m SELECT DATABASE()

2026/04/13 11:58:33 [32m/Users/zmh/CodeBuddy/20260227183322/backend/cmd/main.go:32
[0m[33m[0.110ms] [34;1m[rows:1][0m SELECT SCHEMA_NAME from Information_schema.SCHEMATA where SCHEMA_NAME LIKE 'elderly_fitness%' ORDER BY SCHEMA_NAME='elderly_fitness' DESC,SCHEMA_NAME limit 1

2026/04/13 11:58:33 [32m/Users/zmh/CodeBuddy/20260227183322/backend/cmd/main.go:32
[0m[33m[0.234ms] [34;1m[rows:-][0m SELECT count(*) FROM information_schema.statistics WHERE table_schema = 'elderly_fitness' AND table_name = 'goal_completions' AND index_name = 'idx_goal_completions_date'

2026/04/13 11:58:33 [32m/Users/zmh/CodeBuddy/20260227183322/backend/cmd/main.go:32
[0m[33m[0.027ms] [34;1m[rows:-][0m SELECT DATABASE()

2026/04/13 11:58:33 [32m/Users/zmh/CodeBuddy/20260227183322/backend/cmd/main.go:32
[0m[33m[0.113ms] [34;1m[rows:1][0m SELECT SCHEMA_NAME from Information_schema.SCHEMATA where SCHEMA_NAME LIKE 'elderly_fitness%' ORDER BY SCHEMA_NAME='elderly_fitness' DESC,SCHEMA_NAME limit 1

2026/04/13 11:58:33 [32m/Users/zmh/CodeBuddy/20260227183322/backend/cmd/main.go:32
[0m[33m[0.224ms] [34;1m[rows:-][0m SELECT count(*) FROM information_schema.statistics WHERE table_schema = 'elderly_fitness' AND table_name = 'goal_completions' AND index_name = 'idx_goal_completions_deleted_at'

2026/04/13 11:58:33 [32m/Users/zmh/CodeBuddy/20260227183322/backend/cmd/main.go:32
[0m[33m[0.026ms] [34;1m[rows:-][0m SELECT DATABASE()

2026/04/13 11:58:33 [32m/Users/zmh/CodeBuddy/20260227183322/backend/cmd/main.go:32
[0m[33m[0.114ms] [34;1m[rows:1][0m SELECT SCHEMA_NAME from Information_schema.SCHEMATA where SCHEMA_NAME LIKE 'elderly_fitness%' ORDER BY SCHEMA_NAME='elderly_fitness' DESC,SCHEMA_NAME limit 1

2026/04/13 11:58:33 [32m/Users/zmh/CodeBuddy/20260227183322/backend/cmd/main.go:32
[0m[33m[0.265ms] [34;1m[rows:-][0m SELECT count(*) FROM information_schema.tables WHERE table_schema = 'elderly_fitness' AND table_name = 'system_configs' AND table_type = 'BASE TABLE'

2026/04/13 11:58:33 [32m/Users/zmh/CodeBuddy/20260227183322/backend/cmd/main.go:32
[0m[33m[0.031ms] [34;1m[rows:-][0m SELECT DATABASE()

2026/04/13 11:58:33 [32m/Users/zmh/CodeBuddy/20260227183322/backend/cmd/main.go:32
[0m[33m[0.118ms] [34;1m[rows:1][0m SELECT SCHEMA_NAME from Information_schema.SCHEMATA where SCHEMA_NAME LIKE 'elderly_fitness%' ORDER BY SCHEMA_NAME='elderly_fitness' DESC,SCHEMA_NAME limit 1

2026/04/13 11:58:33 [32m/Users/zmh/CodeBuddy/20260227183322/backend/cmd/main.go:32
[0m[33m[0.265ms] [34;1m[rows:-][0m SELECT * FROM `system_configs` LIMIT 1

2026/04/13 11:58:33 [32m/Users/zmh/CodeBuddy/20260227183322/backend/cmd/main.go:32
[0m[33m[0.321ms] [34;1m[rows:-][0m SELECT column_name, column_default, is_nullable = 'YES', data_type, character_maximum_length, column_type, column_key, extra, column_comment, numeric_precision, numeric_scale , datetime_precision FROM information_schema.columns WHERE table_schema = 'elderly_fitness' AND table_name = 'system_configs' ORDER BY ORDINAL_POSITION

2026/04/13 11:58:33 [32m/Users/zmh/CodeBuddy/20260227183322/backend/cmd/main.go:32
[0m[33m[0.024ms] [34;1m[rows:-][0m SELECT DATABASE()

2026/04/13 11:58:33 [32m/Users/zmh/CodeBuddy/20260227183322/backend/cmd/main.go:32
[0m[33m[0.113ms] [34;1m[rows:1][0m SELECT SCHEMA_NAME from Information_schema.SCHEMATA where SCHEMA_NAME LIKE 'elderly_fitness%' ORDER BY SCHEMA_NAME='elderly_fitness' DESC,SCHEMA_NAME limit 1

2026/04/13 11:58:33 [32m/Users/zmh/CodeBuddy/20260227183322/backend/cmd/main.go:32
[0m[33m[0.235ms] [34;1m[rows:-][0m SELECT count(*) FROM information_schema.statistics WHERE table_schema = 'elderly_fitness' AND table_name = 'system_configs' AND index_name = 'idx_system_configs_key'

2026/04/13 11:58:33 [32m/Users/zmh/CodeBuddy/20260227183322/backend/cmd/main.go:32
[0m[33m[0.024ms] [34;1m[rows:-][0m SELECT DATABASE()

2026/04/13 11:58:33 [32m/Users/zmh/CodeBuddy/20260227183322/backend/cmd/main.go:32
[0m[33m[0.110ms] [34;1m[rows:1][0m SELECT SCHEMA_NAME from Information_schema.SCHEMATA where SCHEMA_NAME LIKE 'elderly_fitness%' ORDER BY SCHEMA_NAME='elderly_fitness' DESC,SCHEMA_NAME limit 1

2026/04/13 11:58:33 [32m/Users/zmh/CodeBuddy/20260227183322/backend/cmd/main.go:32
[0m[33m[0.247ms] [34;1m[rows:-][0m SELECT count(*) FROM information_schema.statistics WHERE table_schema = 'elderly_fitness' AND table_name = 'system_configs' AND index_name = 'idx_system_configs_deleted_at'

2026/04/13 11:58:33 [32m/Users/zmh/CodeBuddy/20260227183322/backend/cmd/main.go:211
[0m[33m[0.395ms] [34;1m[rows:1][0m SELECT count(*) FROM `admins` WHERE `admins`.`deleted_at` IS NULL
[GIN-debug] [WARNING] Creating an Engine instance with the Logger and Recovery middleware already attached.

[GIN-debug] [WARNING] Running in "debug" mode. Switch to "release" mode in production.
 - using env:	export GIN_MODE=release
 - using code:	gin.SetMode(gin.ReleaseMode)

[GIN-debug] POST   /api/auth/login           --> elderly-fitness/internal/handler.(*AuthHandler).Login-fm (4 handlers)
[GIN-debug] POST   /api/auth/sms-login       --> elderly-fitness/internal/handler.(*AuthHandler).SMSLogin-fm (4 handlers)
[GIN-debug] POST   /api/auth/send-code       --> elderly-fitness/internal/handler.(*AuthHandler).SendSMSCode-fm (4 handlers)
[GIN-debug] POST   /api/admin/login          --> elderly-fitness/internal/handler.(*AdminHandler).AdminLogin-fm (4 handlers)
[GIN-debug] GET    /api/muscle-groups        --> elderly-fitness/internal/handler.(*ExerciseHandler).GetMuscleGroups-fm (4 handlers)
[GIN-debug] GET    /api/exercises            --> elderly-fitness/internal/handler.(*ExerciseHandler).GetExercises-fm (4 handlers)
[GIN-debug] GET    /api/exercises/:id        --> elderly-fitness/internal/handler.(*ExerciseHandler).GetExerciseDetail-fm (4 handlers)
[GIN-debug] GET    /api/comments             --> elderly-fitness/internal/handler.(*CommentHandler).GetComments-fm (4 handlers)
[GIN-debug] GET    /api/configs              --> elderly-fitness/internal/handler.(*SystemHandler).GetConfigs-fm (4 handlers)
[GIN-debug] POST   /api/upload/image         --> elderly-fitness/internal/handler.(*UploadHandler).UploadImage-fm (5 handlers)
[GIN-debug] POST   /api/upload/video         --> elderly-fitness/internal/handler.(*UploadHandler).UploadVideo-fm (5 handlers)
[GIN-debug] GET    /api/user/info            --> elderly-fitness/internal/handler.(*AuthHandler).GetUserInfo-fm (5 handlers)
[GIN-debug] PUT    /api/user/info            --> elderly-fitness/internal/handler.(*AuthHandler).UpdateUserInfo-fm (5 handlers)
[GIN-debug] GET    /api/user/statistics      --> elderly-fitness/internal/handler.(*UserHandler).GetStatistics-fm (5 handlers)
[GIN-debug] GET    /api/user/history         --> elderly-fitness/internal/handler.(*UserHandler).GetHistory-fm (5 handlers)
[GIN-debug] GET    /api/user/today-progress  --> elderly-fitness/internal/handler.(*UserHandler).GetTodayProgress-fm (5 handlers)
[GIN-debug] GET    /api/user/week-stats      --> elderly-fitness/internal/handler.(*UserHandler).GetWeekStats-fm (5 handlers)
[GIN-debug] GET    /api/user/comments        --> elderly-fitness/internal/handler.(*CommentHandler).GetUserComments-fm (5 handlers)
[GIN-debug] GET    /api/exercises/recommend  --> elderly-fitness/internal/handler.(*ExerciseHandler).GetRecommendExercises-fm (5 handlers)
[GIN-debug] POST   /api/exercises/record     --> elderly-fitness/internal/handler.(*ExerciseHandler).RecordExercise-fm (5 handlers)
[GIN-debug] POST   /api/comments             --> elderly-fitness/internal/handler.(*CommentHandler).CreateComment-fm (5 handlers)
[GIN-debug] DELETE /api/comments/:id         --> elderly-fitness/internal/handler.(*CommentHandler).DeleteComment-fm (5 handlers)
[GIN-debug] POST   /api/comments/:id/like    --> elderly-fitness/internal/handler.(*CommentHandler).ToggleLike-fm (5 handlers)
[GIN-debug] POST   /api/family               --> elderly-fitness/internal/handler.(*FamilyHandler).CreateFamily-fm (5 handlers)
[GIN-debug] POST   /api/family/join          --> elderly-fitness/internal/handler.(*FamilyHandler).JoinFamily-fm (5 handlers)
[GIN-debug] GET    /api/families             --> elderly-fitness/internal/handler.(*FamilyHandler).GetMyFamilies-fm (5 handlers)
[GIN-debug] GET    /api/family/:id           --> elderly-fitness/internal/handler.(*FamilyHandler).GetFamily-fm (5 handlers)
[GIN-debug] GET    /api/family/members       --> elderly-fitness/internal/handler.(*FamilyHandler).GetFamilyMembers-fm (5 handlers)
[GIN-debug] POST   /api/family/leave         --> elderly-fitness/internal/handler.(*FamilyHandler).LeaveFamily-fm (5 handlers)
[GIN-debug] POST   /api/family/remove        --> elderly-fitness/internal/handler.(*FamilyHandler).RemoveMember-fm (5 handlers)
[GIN-debug] POST   /api/family/transfer      --> elderly-fitness/internal/handler.(*FamilyHandler).TransferAdmin-fm (5 handlers)
[GIN-debug] POST   /api/family/invite-code/refresh --> elderly-fitness/internal/handler.(*FamilyHandler).RefreshInviteCode-fm (5 handlers)
[GIN-debug] POST   /api/goals                --> elderly-fitness/internal/handler.(*GoalHandler).CreateGoal-fm (5 handlers)
[GIN-debug] GET    /api/goals                --> elderly-fitness/internal/handler.(*GoalHandler).GetMyGoals-fm (5 handlers)
[GIN-debug] GET    /api/goals/families       --> elderly-fitness/internal/handler.(*GoalHandler).GetUserFamiliesWithGoals-fm (5 handlers)
[GIN-debug] GET    /api/goals/family         --> elderly-fitness/internal/handler.(*GoalHandler).GetFamilyGoals-fm (5 handlers)
[GIN-debug] GET    /api/goals/:id/progress   --> elderly-fitness/internal/handler.(*GoalHandler).GetGoalProgress-fm (5 handlers)
[GIN-debug] GET    /api/goals/:id/history    --> elderly-fitness/internal/handler.(*GoalHandler).GetGoalHistory-fm (5 handlers)
[GIN-debug] POST   /api/goals/:id/members    --> elderly-fitness/internal/handler.(*GoalHandler).AddGoalMember-fm (5 handlers)
[GIN-debug] POST   /api/goals/:id/exercises  --> elderly-fitness/internal/handler.(*GoalHandler).AddGoalExercise-fm (5 handlers)
[GIN-debug] POST   /api/goals/:id/complete   --> elderly-fitness/internal/handler.(*GoalHandler).CompleteExercise-fm (5 handlers)
[GIN-debug] GET    /api/goals/:id            --> elderly-fitness/internal/handler.(*GoalHandler).GetGoal-fm (5 handlers)
[GIN-debug] PUT    /api/goals/:id            --> elderly-fitness/internal/handler.(*GoalHandler).UpdateGoal-fm (5 handlers)
[GIN-debug] DELETE /api/goals/:id            --> elderly-fitness/internal/handler.(*GoalHandler).DeleteGoal-fm (5 handlers)
[GIN-debug] GET    /api/admin/info           --> elderly-fitness/internal/handler.(*AdminHandler).GetAdminInfo-fm (5 handlers)
[GIN-debug] GET    /api/admin/users          --> elderly-fitness/internal/handler.(*AdminHandler).GetUsers-fm (5 handlers)
[GIN-debug] GET    /api/admin/users/:id/stats --> elderly-fitness/internal/handler.(*AdminHandler).GetUserStats-fm (5 handlers)
[GIN-debug] GET    /api/admin/comments       --> elderly-fitness/internal/handler.(*AdminHandler).GetComments-fm (5 handlers)
[GIN-debug] PUT    /api/admin/comments/:id/status --> elderly-fitness/internal/handler.(*AdminHandler).UpdateCommentStatus-fm (5 handlers)
[GIN-debug] DELETE /api/admin/comments/:id   --> elderly-fitness/internal/handler.(*AdminHandler).DeleteComment-fm (5 handlers)
[GIN-debug] POST   /api/admin/exercises      --> elderly-fitness/internal/handler.(*ExerciseHandler).CreateExercise-fm (5 handlers)
[GIN-debug] PUT    /api/admin/exercises/:id  --> elderly-fitness/internal/handler.(*ExerciseHandler).UpdateExercise-fm (5 handlers)
[GIN-debug] DELETE /api/admin/exercises/:id  --> elderly-fitness/internal/handler.(*ExerciseHandler).DeleteExercise-fm (5 handlers)
[GIN-debug] GET    /api/admin/stats/dashboard --> elderly-fitness/internal/handler.(*AdminHandler).GetDashboardStats-fm (5 handlers)
[GIN-debug] GET    /api/admin/families       --> elderly-fitness/internal/handler.(*FamilyHandler).ListFamiliesForAdmin-fm (5 handlers)
[GIN-debug] GET    /api/admin/families/:id   --> elderly-fitness/internal/handler.(*FamilyHandler).GetFamily-fm (5 handlers)
[GIN-debug] GET    /api/admin/configs        --> elderly-fitness/internal/handler.(*SystemHandler).GetConfigs-fm (5 handlers)
[GIN-debug] POST   /api/admin/configs        --> elderly-fitness/internal/handler.(*SystemHandler).UpdateConfigs-fm (5 handlers)
[GIN-debug] GET    /health                   --> main.main.func1 (4 handlers)
2026/04/13 11:58:33 服务启动在 :8080
[GIN-debug] [WARNING] You trusted all proxies, this is NOT safe. We recommend you to set a value.
Please check https://pkg.go.dev/github.com/gin-gonic/gin#readme-don-t-trust-all-proxies for details.
[GIN-debug] Listening and serving HTTP on :8080
